{
	"waves" : [ 		{

		}
 ],
	"connections" : [ 		{

		}
, 		{
			"from" : 			{
				"number" : 0,
				"voice" : 1,
				"output" : 				{
					"number" : 0,
					"type" : "midi"
				}

			}
,
			"to" : 			{
				"number" : 3,
				"voice" : "all",
				"input" : 				{
					"number" : 0,
					"type" : "midi"
				}

			}
,
			"conversion" : 			{
				"mute" : 0,
				"scale" : 1,
				"vector" : 0,
				"offset" : 0.5,
				"offset2" : 0.5
			}

		}
, 		{
			"from" : 			{
				"number" : 3,
				"voice" : "all",
				"output" : 				{
					"number" : 0,
					"type" : "midi"
				}

			}
,
			"to" : 			{
				"number" : 4,
				"voice" : "all",
				"input" : 				{
					"number" : 0,
					"type" : "midi"
				}

			}
,
			"conversion" : 			{
				"mute" : 0,
				"scale" : 1,
				"vector" : 0,
				"offset" : 0.5,
				"offset2" : 0.5
			}

		}
, 		{
			"from" : 			{
				"number" : 4,
				"voice" : "all",
				"output" : 				{
					"number" : 0,
					"type" : "audio"
				}

			}
,
			"to" : 			{
				"number" : 6,
				"voice" : "all",
				"input" : 				{
					"number" : 0,
					"type" : "audio"
				}

			}
,
			"conversion" : 			{
				"mute" : 0,
				"scale" : 1,
				"vector" : 0,
				"offset" : 1,
				"offset2" : 0.5
			}

		}
, 		{
			"from" : 			{
				"number" : 0,
				"voice" : 2,
				"output" : 				{
					"number" : 0,
					"type" : "midi"
				}

			}
,
			"to" : 			{
				"number" : 7,
				"voice" : "all",
				"input" : 				{
					"number" : 0,
					"type" : "midi"
				}

			}
,
			"conversion" : 			{
				"mute" : 0,
				"scale" : 1,
				"vector" : 0,
				"offset" : 0.5,
				"offset2" : 0.5
			}

		}
, 		{
			"from" : 			{
				"number" : 7,
				"voice" : "all",
				"output" : 				{
					"number" : 0,
					"type" : "audio"
				}

			}
,
			"to" : 			{
				"number" : 6,
				"voice" : "all",
				"input" : 				{
					"number" : 1,
					"type" : "audio"
				}

			}
,
			"conversion" : 			{
				"mute" : 0,
				"scale" : 1,
				"vector" : 0,
				"offset" : 1,
				"offset2" : 0.5
			}

		}
, 		{

		}
, 		{

		}
, 		{
			"from" : 			{
				"number" : 3,
				"voice" : 2,
				"output" : 				{
					"number" : 0,
					"type" : "midi"
				}

			}
,
			"to" : 			{
				"number" : 8,
				"voice" : "all",
				"input" : 				{
					"number" : 0,
					"type" : "midi"
				}

			}
,
			"conversion" : 			{
				"mute" : 0,
				"scale" : 1,
				"vector" : 0,
				"offset" : 0.453125,
				"offset2" : 0.5
			}

		}
, 		{
			"from" : 			{
				"number" : 6,
				"voice" : "all",
				"output" : 				{
					"number" : 0,
					"type" : "audio"
				}

			}
,
			"to" : 			{
				"number" : 10,
				"voice" : "all",
				"input" : 				{
					"number" : 0,
					"type" : "audio"
				}

			}
,
			"conversion" : 			{
				"mute" : 0,
				"scale" : 1,
				"vector" : 0,
				"offset" : 0,
				"offset2" : 0.5
			}

		}
, 		{

		}
, 		{
			"from" : 			{
				"number" : 10,
				"voice" : "all",
				"output" : 				{
					"number" : 0,
					"type" : "audio"
				}

			}
,
			"to" : 			{
				"number" : 10,
				"voice" : "all",
				"input" : 				{
					"number" : 0,
					"type" : "audio"
				}

			}
,
			"conversion" : 			{
				"mute" : 0,
				"scale" : -0.2421875,
				"vector" : 0.484375,
				"offset" : 1,
				"offset2" : 0.5
			}

		}
 ],
	"blocks" : [ 		{
			"patcher" : "core.clock",
			"name" : "core.clock",
			"type" : "note",
			"poly" : 			{
				"stack_mode" : "1x",
				"choose_mode" : "cycle free",
				"steal_mode" : "oldest",
				"voices" : 2
			}
,
			"error" : 			{
				"spread" : 0,
				"drift" : 0,
				"lockup" : 0
			}
,
			"flock" : 			{
				"mode" : "off",
				"amount" : 0
			}
,
			"space" : 			{
				"x" : -4,
				"y" : 3,
				"colour" : [ 149, 0, 52 ]
			}
,
			"mute" : 0
		}
, 		{
			"patcher" : "core.input.control",
			"name" : "core.input.control",
			"type" : "note",
			"poly" : 			{
				"stack_mode" : "1x",
				"choose_mode" : "cycle free",
				"steal_mode" : "oldest",
				"voices" : 1
			}
,
			"error" : 			{
				"spread" : 0,
				"drift" : 0,
				"lockup" : 0
			}
,
			"flock" : 			{
				"mode" : "off",
				"amount" : 0
			}
,
			"space" : 			{
				"x" : -4,
				"y" : 1,
				"colour" : [ 138, 38, 58 ]
			}
,
			"mute" : 0
		}
, 		{
			"patcher" : "core.input.keyboard",
			"name" : "core.input.keyboard",
			"type" : "note",
			"poly" : 			{
				"stack_mode" : "1x",
				"choose_mode" : "cycle free",
				"steal_mode" : "oldest",
				"voices" : 1
			}
,
			"error" : 			{
				"spread" : 0,
				"drift" : 0,
				"lockup" : 0
			}
,
			"flock" : 			{
				"mode" : "off",
				"amount" : 0
			}
,
			"space" : 			{
				"x" : -4,
				"y" : -1,
				"colour" : [ 205, 31, 76 ]
			}
,
			"mute" : 0
		}
, 		{
			"patcher" : "seq.note.tracker",
			"name" : "seq.note.tracker",
			"type" : "note",
			"poly" : 			{
				"stack_mode" : "unison all",
				"choose_mode" : "blind cycle",
				"steal_mode" : "cyclic",
				"voices" : 2
			}
,
			"error" : 			{
				"spread" : 0,
				"drift" : 0,
				"lockup" : 0
			}
,
			"flock" : 			{
				"mode" : "off",
				"amount" : 0
			}
,
			"space" : 			{
				"x" : -2,
				"y" : 3,
				"colour" : [ 1, 72, 172 ]
			}
,
			"voice_data" : 			{
				"0" : [ 0.0, 0.057531230151653, 2.0, 59.0, 62.0, 66.0, 69.0, 0.0, 0.0, 0.0, 101.0, 0.0, 0.0, 0.0, 0.0, 0.0, 0.0, 0.0, 0.0, 59.0, 63.0, 66.0, -1.0, 0.0, 0.0, 0.0, 101.0, 0.0, 0.0, 0.0, 0.0, 0.0, 0.0, 0.0, 0.0, 58.0, 62.0, 64.0, 69.0, 0.0, 0.0, 0.0, 101.0, 56.0, 60.0, 62.0, 67.0, 0.0, 0.0, 0.0, 101.0, 57.0, 61.0, 64.0, 68.0, 0.0, 0.0, 0.0, 101.0, 0.0, 0.0, 0.0, 0.0, 0.0, 0.0, 0.0, 0.0, 0.0, 0.0, 0.0, 0.0, 0.0, 0.0, 0.0, 0.0, 0.0, 0.0, 0.0, 0.0, 0.0, 0.0, 0.0, 0.0, 0.0, 0.0, 0.0, 0.0, 0.0, 0.0, 0.0, 0.0, 0.0, 0.0, 0.0, 0.0, 0.0, 0.0, 0.0, 0.0, 0.0, 0.0, 0.0, 0.0, 0.0, 0.0, 0.0, 0.0, 0.0, 0.0, 0.0, 0.0, 0.0, 0.0, 0.0, 0.0, 0.0, 0.0, 0.0, 0.0, 0.0, 0.0, 0.0, 0.0, 0.0, 0.0, 0.0, 0.0, 0.0, 0.0, 0.0, 0.0, 0.0, 0.0, 0.0, 0.0, 0.0, 0.0, 0.0, 0.0, 0.0, 0.0, 0.0, 0.0, 0.0, 0.0, 0.0, 0.0, 0.0, 0.0, 0.0, 0.0, 0.0, 0.0, 0.0, 0.0, 0.0, 0.0, 0.0, 0.0, 0.0, 0.0, 0.0, 0.0, 0.0, 0.0, 0.0, 0.0, 0.0, 0.0, 0.0, 0.0, 0.0, 0.0, 0.0, 0.0, 0.0, 0.0, 0.0, 0.0, 0.0, 0.0, 0.0, 0.0, 0.0, 0.0, 0.0, 0.0, 0.0, 0.0, 0.0, 0.0, 0.0, 0.0, 0.0, 0.0, 0.0, 0.0, 0.0, 0.0, 0.0, 0.0, 0.0, 0.0, 0.0, 0.0, 0.0, 0.0, 0.0, 0.0, 0.0, 0.0, 0.0, 0.0, 0.0, 0.0, 0.0, 0.0, 0.0, 0.0, 0.0, 0.0, 0.0, 0.0, 0.0, 0.0, 0.0, 0.0, 0.0, 0.0, 0.0, 0.0, 0.0, 0.0, 0.0, 0.0, 0.0, 0.0, 0.0, 0.0, 0.0, 0.0, 0.0, 0.0, 0.0, 0.0, 0.0, 0.0, 0.0, 0.0, 0.0, 0.0, 0.0, 0.0, 0.0, 0.0, 0.0, 0.0, 0.0, 0.0, 0.0, 0.0, 0.0, 0.0, 0.0, 0.0, 0.0, 0.0, 0.0, 0.0, 0.0, 0.0, 0.0, 0.0, 0.0, 0.0, 0.0, 0.0, 0.0, 0.0, 0.0, 0.0, 0.0, 0.0, 0.0, 0.0, 0.0, 0.0, 0.0, 0.0, 0.0, 0.0, 0.0, 0.0, 0.0, 0.0, 0.0, 0.0, 0.0, 0.0, 0.0, 0.0, 0.0, 0.0, 0.0, 0.0, 0.0, 0.0, 0.0, 0.0, 0.0, 0.0, 0.0, 0.0, 0.0, 0.0, 0.0, 0.0, 0.0, 0.0, 0.0, 0.0, 0.0, 0.0, 0.0, 0.0, 0.0, 0.0, 0.0, 0.0, 0.0, 0.0, 0.0, 0.0, 0.0, 0.0, 0.0, 0.0, 0.0, 0.0, 0.0, 0.0, 0.0, 0.0, 0.0, 0.0, 0.0, 0.0, 0.0, 0.0, 0.0, 0.0, 0.0, 0.0, 0.0, 0.0, 0.0, 0.0, 0.0, 0.0, 0.0, 0.0, 0.0, 0.0, 0.0, 0.0, 0.0, 0.0, 0.0, 0.0, 0.0, 0.0, 0.0, 0.0, 0.0, 0.0, 0.0, 0.0, 0.0, 0.0, 0.0, 0.0, 0.0, 0.0, 0.0, 0.0, 0.0, 0.0, 0.0, 0.0, 0.0, 0.0, 0.0, 0.0, 0.0, 0.0, 0.0, 0.0, 0.0, 0.0, 0.0, 0.0, 0.0, 0.0, 0.0, 0.0, 0.0, 0.0, 0.0, 0.0, 0.0, 0.0, 0.0, 0.0, 0.0, 0.0, 0.0, 0.0, 0.0, 0.0, 0.0, 0.0, 0.0, 0.0, 0.0, 0.0, 0.0, 0.0, 0.0, 0.0, 0.0, 0.0, 0.0, 0.0, 0.0, 0.0, 0.0, 0.0, 0.0, 0.0, 0.0, 0.0, 0.0, 0.0, 0.0, 0.0, 0.0, 0.0, 0.0, 0.0, 0.0, 0.0, 0.0, 0.0, 0.0, 0.0, 0.0, 0.0, 0.0, 0.0, 0.0, 0.0, 0.0, 0.0, 0.0, 0.0, 0.0, 0.0, 0.0, 0.0, 0.0, 0.0, 0.0, 0.0, 0.0, 0.0, 0.0, 0.0, 0.0, 0.0, 0.0, 0.0, 0.0, 0.0, 0.0, 0.0, 0.0, 0.0, 0.0, 0.0, 0.0, 0.0, 0.0, 0.0, 0.0, 0.0, 0.0, 0.0, 0.0, 0.0, 0.0, 0.0, 0.0, 0.0, 0.0, 0.0, 0.0, 0.0, 0.0, 0.0, 0.0, 0.0, 0.0, 0.0, 0.0, 0.0, 0.0, 0.0, 0.0, 0.0, 0.0, 0.0, 0.0, 0.0, 0.0, 0.0, 0.0, 0.0, 0.0, 0.0, 0.0, 0.0, 0.0, 0.0, 0.0, 0.0, 0.0, 0.0, 0.0, 0.0, 0.0, 0.0, 0.0, 0.0, 0.0, 0.0, 0.0, 0.0, 0.0, 0.0, 0.0, 0.0, 0.0, 0.0, 0.0, 0.0, 0.0, 0.0, 0.0, 0.0, 0.0, 0.0, 0.0, 0.0, 0.0, 0.0, 0.0, 0.0, 0.0, 0.0, 0.0, 0.0, 0.0, 0.0, 0.0, 0.0, 0.0, 0.0, 0.0, 0.0, 0.0, 0.0, 0.0, 0.0, 0.0, 0.0, 0.0, 0.0, 0.0, 0.0, 0.0, 0.0, 0.0, 0.0, 0.0, 0.0, 0.0, 0.0, 0.0, 0.0, 0.0, 0.0, 0.0, 0.0, 0.0, 0.0, 0.0, 0.0, 0.0, 0.0, 0.0, 0.0, 0.0, 0.0, 0.0, 0.0, 0.0, 0.0, 0.0, 0.0, 0.0, 0.0, 0.0, 0.0, 0.0, 0.0, 0.0, 0.0, 0.0, 0.0, 0.0, 0.0, 0.0, 0.0, 0.0, 0.0, 0.0, 0.0, 0.0, 0.0, 0.0, 0.0, 0.0, 0.0, 0.0, 0.0, 0.0, 0.0, 0.0, 0.0, 0.0, 0.0, 0.0, 0.0, 0.0, 0.0, 0.0, 0.0, 0.0, 0.0, 0.0, 0.0, 0.0, 0.0, 0.0, 0.0, 0.0, 0.0, 0.0, 0.0, 0.0, 0.0, 0.0, 0.0, 0.0, 0.0, 0.0, 0.0, 0.0, 0.0, 0.0, 0.0, 0.0, 0.0, 0.0, 0.0, 0.0, 0.0, 0.0, 0.0, 0.0, 0.0, 0.0, 0.0, 0.0, 0.0, 0.0, 0.0, 0.0, 0.0, 0.0, 0.0, 0.0, 0.0, 0.0, 0.0, 0.0, 0.0, 0.0, 0.0, 0.0, 0.0, 0.0, 0.0, 0.0, 0.0, 0.0, 0.0, 0.0, 0.0, 0.0, 0.0, 0.0, 0.0, 0.0, 0.0, 0.0, 0.0, 0.0, 0.0, 0.0, 0.0, 0.0, 0.0, 0.0, 0.0, 0.0, 0.0, 0.0, 0.0, 0.0, 0.0, 0.0, 0.0, 0.0, 0.0, 0.0, 0.0, 0.0, 0.0, 0.0, 0.0, 0.0, 0.0, 0.0, 0.0, 0.0, 0.0, 0.0, 0.0, 0.0, 0.0, 0.0, 0.0, 0.0, 0.0, 0.0, 0.0, 0.0, 0.0, 0.0, 0.0, 0.0, 0.0, 0.0, 0.0, 0.0, 0.0, 0.0, 0.0, 0.0, 0.0, 0.0, 0.0, 0.0, 0.0, 0.0, 0.0, 0.0, 0.0, 0.0, 0.0, 0.0, 0.0, 0.0, 0.0, 0.0, 0.0, 0.0, 0.0, 0.0, 0.0, 0.0, 0.0, 0.0, 0.0, 0.0, 0.0, 0.0, 0.0, 0.0, 0.0, 0.0, 0.0, 0.0, 0.0, 0.0, 0.0, 0.0, 0.0, 0.0, 0.0, 0.0, 0.0, 0.0, 0.0, 0.0, 0.0, 0.0, 0.0, 0.0, 0.0, 0.0, 0.0, 0.0, 0.0, 0.0, 0.0, 0.0, 0.0, 0.0, 0.0, 0.0, 0.0, 0.0, 0.0, 0.0, 0.0, 0.0, 0.0, 0.0, 0.0, 0.0, 0.0, 0.0, 0.0, 0.0, 0.0, 0.0, 0.0, 0.0, 0.0, 0.0, 0.0, 0.0, 0.0, 0.0, 0.0, 0.0, 0.0, 0.0, 0.0, 0.0, 0.0, 0.0, 0.0, 0.0, 0.0, 0.0, 0.0, 0.0, 0.0, 0.0, 0.0, 0.0, 0.0, 0.0, 0.0, 0.0, 0.0, 0.0, 0.0, 0.0, 0.0, 0.0, 0.0, 0.0, 0.0, 0.0, 0.0, 0.0, 0.0, 0.0, 0.0, 0.0, 0.0, 0.0, 0.0, 0.0, 0.0, 0.0, 0.0, 0.0, 0.0, 0.0, 0.0, 0.0, 0.0, 0.0, 0.0, 0.0, 0.0, 0.0, 0.0, 0.0, 0.0, 0.0, 0.0, 0.0, 0.0, 0.0, 0.0, 0.0, 0.0, 0.0, 0.0, 0.0, 0.0, 0.0, 0.0, 0.0, 0.0, 0.0, 0.0, 0.0, 0.0, 0.0, 0.0, 0.0, 0.0, 0.0, 0.0, 0.0, 0.0, 0.0, 0.0, 0.0, 0.0, 0.0, 0.0, 0.0, 0.0, 0.0, 0.0, 0.0, 0.0, 0.0, 0.0, 0.0, 0.0, 0.0, 0.0, 0.0, 0.0, 0.0, 0.0, 0.0, 0.0, 0.0, 0.0, 0.0, 0.0, 0.0, 0.0, 0.0, 0.0, 0.0, 0.0, 0.0, 0.0, 0.0, 0.0, 0.0, 0.0, 0.0, 0.0, 0.0, 0.0, 0.0, 0.0, 0.0, 0.0, 0.0, 0.0, 0.0, 0.0, 0.0, 0.0, 0.0, 0.0, 0.0, 0.0, 0.0, 0.0, 0.0, 0.0, 0.0, 0.0, 0.0, 0.0, 0.0, 0.0, 0.0, 0.0, 0.0 ],
				"1" : [ 0.0, 0.05859375, 2.0, 52.0, 0.0, 0.0, 0.0, 0.0, 0.0, 0.0, 101.0, 64.0, 0.0, 0.0, 0.0, 0.0, 0.0, 0.0, 101.0, 52.0, 0.0, 0.0, 0.0, 0.0, 0.0, 0.0, 101.0, 64.0, 0.0, 0.0, 0.0, 0.0, 0.0, 0.0, 101.0, 52.0, 0.0, 0.0, 0.0, 0.0, 0.0, 0.0, 101.0, 64.0, 0.0, 0.0, 0.0, 0.0, 0.0, 0.0, 101.0, 52.0, 0.0, 0.0, 0.0, 0.0, 0.0, 0.0, 101.0, 52.0, 0.0, 0.0, 0.0, 0.0, 0.0, 0.0, 101.0, 0.0, 0.0, 0.0, 0.0, 0.0, 0.0, 0.0, 0.0, 0.0, 0.0, 0.0, 0.0, 0.0, 0.0, 0.0, 0.0, 0.0, 0.0, 0.0, 0.0, 0.0, 0.0, 0.0, 0.0, 0.0, 0.0, 0.0, 0.0, 0.0, 0.0, 0.0, 0.0, 0.0, 0.0, 0.0, 0.0, 0.0, 0.0, 0.0, 0.0, 0.0, 0.0, 0.0, 0.0, 0.0, 0.0, 0.0, 0.0, 0.0, 0.0, 0.0, 0.0, 0.0, 0.0, 0.0, 0.0, 0.0, 0.0, 0.0, 0.0, 0.0, 0.0, 0.0, 0.0, 0.0, 0.0, 0.0, 0.0, 0.0, 0.0, 0.0, 0.0, 0.0, 0.0, 0.0, 0.0, 0.0, 0.0, 0.0, 0.0, 0.0, 0.0, 0.0, 0.0, 0.0, 0.0, 0.0, 0.0, 0.0, 0.0, 0.0, 0.0, 0.0, 0.0, 0.0, 0.0, 0.0, 0.0, 0.0, 0.0, 0.0, 0.0, 0.0, 0.0, 0.0, 0.0, 0.0, 0.0, 0.0, 0.0, 0.0, 0.0, 0.0, 0.0, 0.0, 0.0, 0.0, 0.0, 0.0, 0.0, 0.0, 0.0, 0.0, 0.0, 0.0, 0.0, 0.0, 0.0, 0.0, 0.0, 0.0, 0.0, 0.0, 0.0, 0.0, 0.0, 0.0, 0.0, 0.0, 0.0, 0.0, 0.0, 0.0, 0.0, 0.0, 0.0, 0.0, 0.0, 0.0, 0.0, 0.0, 0.0, 0.0, 0.0, 0.0, 0.0, 0.0, 0.0, 0.0, 0.0, 0.0, 0.0, 0.0, 0.0, 0.0, 0.0, 0.0, 0.0, 0.0, 0.0, 0.0, 0.0, 0.0, 0.0, 0.0, 0.0, 0.0, 0.0, 0.0, 0.0, 0.0, 0.0, 0.0, 0.0, 0.0, 0.0, 0.0, 0.0, 0.0, 0.0, 0.0, 0.0, 0.0, 0.0, 0.0, 0.0, 0.0, 0.0, 0.0, 0.0, 0.0, 0.0, 0.0, 0.0, 0.0, 0.0, 0.0, 0.0, 0.0, 0.0, 0.0, 0.0, 0.0, 0.0, 0.0, 0.0, 0.0, 0.0, 0.0, 0.0, 0.0, 0.0, 0.0, 0.0, 0.0, 0.0, 0.0, 0.0, 0.0, 0.0, 0.0, 0.0, 0.0, 0.0, 0.0, 0.0, 0.0, 0.0, 0.0, 0.0, 0.0, 0.0, 0.0, 0.0, 0.0, 0.0, 0.0, 0.0, 0.0, 0.0, 0.0, 0.0, 0.0, 0.0, 0.0, 0.0, 0.0, 0.0, 0.0, 0.0, 0.0, 0.0, 0.0, 0.0, 0.0, 0.0, 0.0, 0.0, 0.0, 0.0, 0.0, 0.0, 0.0, 0.0, 0.0, 0.0, 0.0, 0.0, 0.0, 0.0, 0.0, 0.0, 0.0, 0.0, 0.0, 0.0, 0.0, 0.0, 0.0, 0.0, 0.0, 0.0, 0.0, 0.0, 0.0, 0.0, 0.0, 0.0, 0.0, 0.0, 0.0, 0.0, 0.0, 0.0, 0.0, 0.0, 0.0, 0.0, 0.0, 0.0, 0.0, 0.0, 0.0, 0.0, 0.0, 0.0, 0.0, 0.0, 0.0, 0.0, 0.0, 0.0, 0.0, 0.0, 0.0, 0.0, 0.0, 0.0, 0.0, 0.0, 0.0, 0.0, 0.0, 0.0, 0.0, 0.0, 0.0, 0.0, 0.0, 0.0, 0.0, 0.0, 0.0, 0.0, 0.0, 0.0, 0.0, 0.0, 0.0, 0.0, 0.0, 0.0, 0.0, 0.0, 0.0, 0.0, 0.0, 0.0, 0.0, 0.0, 0.0, 0.0, 0.0, 0.0, 0.0, 0.0, 0.0, 0.0, 0.0, 0.0, 0.0, 0.0, 0.0, 0.0, 0.0, 0.0, 0.0, 0.0, 0.0, 0.0, 0.0, 0.0, 0.0, 0.0, 0.0, 0.0, 0.0, 0.0, 0.0, 0.0, 0.0, 0.0, 0.0, 0.0, 0.0, 0.0, 0.0, 0.0, 0.0, 0.0, 0.0, 0.0, 0.0, 0.0, 0.0, 0.0, 0.0, 0.0, 0.0, 0.0, 0.0, 0.0, 0.0, 0.0, 0.0, 0.0, 0.0, 0.0, 0.0, 0.0, 0.0, 0.0, 0.0, 0.0, 0.0, 0.0, 0.0, 0.0, 0.0, 0.0, 0.0, 0.0, 0.0, 0.0, 0.0, 0.0, 0.0, 0.0, 0.0, 0.0, 0.0, 0.0, 0.0, 0.0, 0.0, 0.0, 0.0, 0.0, 0.0, 0.0, 0.0, 0.0, 0.0, 0.0, 0.0, 0.0, 0.0, 0.0, 0.0, 0.0, 0.0, 0.0, 0.0, 0.0, 0.0, 0.0, 0.0, 0.0, 0.0, 0.0, 0.0, 0.0, 0.0, 0.0, 0.0, 0.0, 0.0, 0.0, 0.0, 0.0, 0.0, 0.0, 0.0, 0.0, 0.0, 0.0, 0.0, 0.0, 0.0, 0.0, 0.0, 0.0, 0.0, 0.0, 0.0, 0.0, 0.0, 0.0, 0.0, 0.0, 0.0, 0.0, 0.0, 0.0, 0.0, 0.0, 0.0, 0.0, 0.0, 0.0, 0.0, 0.0, 0.0, 0.0, 0.0, 0.0, 0.0, 0.0, 0.0, 0.0, 0.0, 0.0, 0.0, 0.0, 0.0, 0.0, 0.0, 0.0, 0.0, 0.0, 0.0, 0.0, 0.0, 0.0, 0.0, 0.0, 0.0, 0.0, 0.0, 0.0, 0.0, 0.0, 0.0, 0.0, 0.0, 0.0, 0.0, 0.0, 0.0, 0.0, 0.0, 0.0, 0.0, 0.0, 0.0, 0.0, 0.0, 0.0, 0.0, 0.0, 0.0, 0.0, 0.0, 0.0, 0.0, 0.0, 0.0, 0.0, 0.0, 0.0, 0.0, 0.0, 0.0, 0.0, 0.0, 0.0, 0.0, 0.0, 0.0, 0.0, 0.0, 0.0, 0.0, 0.0, 0.0, 0.0, 0.0, 0.0, 0.0, 0.0, 0.0, 0.0, 0.0, 0.0, 0.0, 0.0, 0.0, 0.0, 0.0, 0.0, 0.0, 0.0, 0.0, 0.0, 0.0, 0.0, 0.0, 0.0, 0.0, 0.0, 0.0, 0.0, 0.0, 0.0, 0.0, 0.0, 0.0, 0.0, 0.0, 0.0, 0.0, 0.0, 0.0, 0.0, 0.0, 0.0, 0.0, 0.0, 0.0, 0.0, 0.0, 0.0, 0.0, 0.0, 0.0, 0.0, 0.0, 0.0, 0.0, 0.0, 0.0, 0.0, 0.0, 0.0, 0.0, 0.0, 0.0, 0.0, 0.0, 0.0, 0.0, 0.0, 0.0, 0.0, 0.0, 0.0, 0.0, 0.0, 0.0, 0.0, 0.0, 0.0, 0.0, 0.0, 0.0, 0.0, 0.0, 0.0, 0.0, 0.0, 0.0, 0.0, 0.0, 0.0, 0.0, 0.0, 0.0, 0.0, 0.0, 0.0, 0.0, 0.0, 0.0, 0.0, 0.0, 0.0, 0.0, 0.0, 0.0, 0.0, 0.0, 0.0, 0.0, 0.0, 0.0, 0.0, 0.0, 0.0, 0.0, 0.0, 0.0, 0.0, 0.0, 0.0, 0.0, 0.0, 0.0, 0.0, 0.0, 0.0, 0.0, 0.0, 0.0, 0.0, 0.0, 0.0, 0.0, 0.0, 0.0, 0.0, 0.0, 0.0, 0.0, 0.0, 0.0, 0.0, 0.0, 0.0, 0.0, 0.0, 0.0, 0.0, 0.0, 0.0, 0.0, 0.0, 0.0, 0.0, 0.0, 0.0, 0.0, 0.0, 0.0, 0.0, 0.0, 0.0, 0.0, 0.0, 0.0, 0.0, 0.0, 0.0, 0.0, 0.0, 0.0, 0.0, 0.0, 0.0, 0.0, 0.0, 0.0, 0.0, 0.0, 0.0, 0.0, 0.0, 0.0, 0.0, 0.0, 0.0, 0.0, 0.0, 0.0, 0.0, 0.0, 0.0, 0.0, 0.0, 0.0, 0.0, 0.0, 0.0, 0.0, 0.0, 0.0, 0.0, 0.0, 0.0, 0.0, 0.0, 0.0, 0.0, 0.0, 0.0, 0.0, 0.0, 0.0, 0.0, 0.0, 0.0, 0.0, 0.0, 0.0, 0.0, 0.0, 0.0, 0.0, 0.0, 0.0, 0.0, 0.0, 0.0, 0.0, 0.0, 0.0, 0.0, 0.0, 0.0, 0.0, 0.0, 0.0, 0.0, 0.0, 0.0, 0.0, 0.0, 0.0, 0.0, 0.0, 0.0, 0.0, 0.0, 0.0, 0.0, 0.0, 0.0, 0.0, 0.0, 0.0, 0.0, 0.0, 0.0, 0.0, 0.0, 0.0, 0.0, 0.0, 0.0, 0.0, 0.0, 0.0, 0.0, 0.0, 0.0, 0.0, 0.0, 0.0, 0.0, 0.0, 0.0, 0.0, 0.0, 0.0, 0.0, 0.0, 0.0, 0.0, 0.0, 0.0, 0.0, 0.0, 0.0, 0.0, 0.0, 0.0, 0.0, 0.0, 0.0, 0.0, 0.0, 0.0, 0.0, 0.0, 0.0, 0.0, 0.0, 0.0, 0.0, 0.0, 0.0, 0.0, 0.0, 0.0, 0.0, 0.0, 0.0, 0.0, 0.0, 0.0, 0.0, 0.0, 0.0, 0.0, 0.0, 0.0, 0.0, 0.0, 0.0, 0.0, 0.0, 0.0, 0.0, 0.0, 0.0, 0.0, 0.0, 0.0, 0.0, 0.0, 0.0, 0.0, 0.0, 0.0, 0.0, 0.0, 0.0, 0.0, 0.0, 0.0, 0.0, 0.0, 0.0, 0.0, 0.0, 0.0, 0.0, 0.0, 0.0, 0.0, 0.0, 0.0, 0.0, 0.0, 0.0, 0.0, 0.0, 0.0, 0.0, 0.0, 0.0, 0.0, 0.0, 0.0, 0.0, 0.0, 0.0, 0.0 ]
			}
,
			"mute" : 0
		}
, 		{
			"patcher" : "voice.harmonic",
			"name" : "voice.harmonic",
			"type" : "audio",
			"poly" : 			{
				"stack_mode" : "1x",
				"choose_mode" : "cycle free",
				"steal_mode" : "oldest",
				"voices" : 5
			}
,
			"error" : 			{
				"spread" : 0,
				"drift" : 0,
				"lockup" : 0
			}
,
			"flock" : 			{
				"mode" : "off",
				"amount" : 0
			}
,
			"space" : 			{
				"x" : 0.0,
				"y" : 3,
				"colour" : [ 183, 49, 151 ]
			}
,
			"mute" : 0
		}
, 		{

		}
, 		{
			"patcher" : "utility.vca",
			"name" : "utility.vca",
			"type" : "audio",
			"poly" : 			{
				"stack_mode" : "1x",
				"choose_mode" : "cycle free",
				"steal_mode" : "oldest",
				"voices" : 5
			}
,
			"error" : 			{
				"spread" : 0,
				"drift" : 0,
				"lockup" : 0
			}
,
			"flock" : 			{
				"mode" : "off",
				"amount" : 0
			}
,
			"space" : 			{
				"x" : 0.0,
				"y" : 0,
				"colour" : [ 137, 51, 123 ]
			}
,
			"mute" : 0
		}
, 		{
			"patcher" : "utility.env.asr",
			"name" : "utility.env.asr",
			"type" : "audio",
			"poly" : 			{
				"stack_mode" : "1x",
				"choose_mode" : "cycle free",
				"steal_mode" : "oldest",
				"voices" : 5
			}
,
			"error" : 			{
				"spread" : 0.423549723756906,
				"drift" : 0,
				"lockup" : 0.1875
			}
,
			"flock" : 			{
				"mode" : "off",
				"amount" : 0
			}
,
			"space" : 			{
				"x" : -2,
				"y" : 1,
				"colour" : [ 57, 78, 225 ]
			}
,
			"mute" : 1
		}
, 		{
			"patcher" : "voice.basic",
			"name" : "voice.basic",
			"type" : "audio",
			"poly" : 			{
				"stack_mode" : "1x",
				"choose_mode" : "cycle free",
				"steal_mode" : "oldest",
				"voices" : 1
			}
,
			"error" : 			{
				"spread" : 0,
				"drift" : 0,
				"lockup" : 0
			}
,
			"flock" : 			{
				"mode" : "off",
				"amount" : 0
			}
,
			"space" : 			{
				"x" : 3,
				"y" : 2,
				"colour" : [ 171, 66, 144 ]
			}
,
			"mute" : 0
		}
, 		{
			"patcher" : "seq.grid",
			"name" : "seq.grid",
			"type" : "note",
			"poly" : 			{
				"stack_mode" : "unison all",
				"choose_mode" : "blind cycle",
				"steal_mode" : "cyclic",
				"voices" : 1
			}
,
			"error" : 			{
				"spread" : 0,
				"drift" : 0,
				"lockup" : 0
			}
,
			"flock" : 			{
				"mode" : "off",
				"amount" : 0
			}
,
			"space" : 			{
				"x" : 2,
				"y" : 4,
				"colour" : [ 0, 95, 208 ]
			}
,
			"mute" : 0,
			"voice_data" : 			{
				"0" : [ 0.0, 0.1171875, 0.0, 0.0, 0.0, 0.0, 0.0 ]
			}

		}
, 		{
			"patcher" : "fx.delay.stretch",
			"name" : "fx.delay.tape",
			"type" : "audio",
			"poly" : 			{
				"stack_mode" : "1x",
				"choose_mode" : "cycle free",
				"steal_mode" : "oldest",
				"voices" : 2
			}
,
			"error" : 			{
				"spread" : 0.46875,
				"drift" : 0,
				"lockup" : 0.278039727126806
			}
,
			"flock" : 			{
				"mode" : "off",
				"amount" : 0
			}
,
			"space" : 			{
				"x" : -1,
				"y" : -1,
				"colour" : [ 197, 52, 51 ]
			}
,
			"mute" : 0
		}
, 		{

		}
, 		{

		}
, 		{

		}
, 		{

		}
, 		{

		}
, 		{

		}
, 		{

		}
, 		{

		}
, 		{

		}
, 		{

		}
, 		{

		}
, 		{

		}
, 		{

		}
, 		{

		}
, 		{

		}
, 		{

		}
, 		{

		}
, 		{

		}
, 		{

		}
, 		{

		}
, 		{

		}
, 		{

		}
, 		{

		}
, 		{

		}
, 		{

		}
, 		{

		}
, 		{

		}
, 		{

		}
, 		{

		}
, 		{

		}
, 		{

		}
, 		{

		}
, 		{

		}
, 		{

		}
, 		{

		}
, 		{

		}
, 		{

		}
, 		{

		}
, 		{

		}
, 		{

		}
, 		{

		}
, 		{

		}
, 		{

		}
, 		{

		}
, 		{

		}
, 		{

		}
, 		{

		}
, 		{

		}
, 		{

		}
, 		{

		}
, 		{

		}
, 		{

		}
, 		{

		}
, 		{

		}
, 		{

		}
, 		{

		}
, 		{

		}
, 		{

		}
, 		{

		}
, 		{

		}
, 		{

		}
, 		{

		}
, 		{

		}
, 		{

		}
, 		{

		}
, 		{

		}
, 		{

		}
, 		{

		}
, 		{

		}
, 		{

		}
, 		{

		}
, 		{

		}
, 		{

		}
, 		{

		}
, 		{

		}
, 		{

		}
, 		{

		}
, 		{

		}
, 		{

		}
, 		{

		}
, 		{

		}
, 		{

		}
, 		{

		}
, 		{

		}
, 		{

		}
, 		{

		}
, 		{

		}
, 		{

		}
, 		{

		}
, 		{

		}
, 		{

		}
, 		{

		}
, 		{

		}
, 		{

		}
, 		{

		}
, 		{

		}
, 		{

		}
, 		{

		}
, 		{

		}
, 		{

		}
, 		{

		}
, 		{

		}
, 		{

		}
, 		{

		}
, 		{

		}
, 		{

		}
, 		{

		}
, 		{

		}
, 		{

		}
, 		{

		}
, 		{

		}
, 		{

		}
, 		{

		}
, 		{

		}
, 		{

		}
, 		{

		}
, 		{

		}
 ],
	"blocks[undefined]" : 	{
		"poly" : 		{
			"voices" : 1
		}

	}
,
	"states" : 	{
		"current" : 		{
			"0" : [ 0.452343732118607, 0.25, 0.050000000745058, 0.25, 0.409999996423721, 0.029999999329448, 0.025000000372529, 0.5, 0.140625, 0.384687542915344, 0.321000009775162, 0.0, 0.0, 0.0, 0.0, 0.0, 0.5, 0.5, 0.5, 0.5, 0.5, 0.5, 0.5, 0.5 ],
			"1" : [ 0.0, 0.899999976158142 ],
			"2" : [ 0.0, 0.0, 0.899999976158142 ],
			"3" : [ 0.560000002384186, 0.5, 0.5, 0.5 ],
			"4" : [ 0.8203125, 0.7734375, 0.2578125, 0.5625, 0.0, 0.0, 0.0, 0.0, 0.5, 0.5, 0.5, 0.073437497019768, 0.709451913833618, 0.439741283655167, 0.200000002980232, 0.0, 1.0, 0.5 ],
			"6" : [ 0.812493860721588, 1.0, 0.4453125 ],
			"7" : [ 0.361718744039536, 0.0, 0.079687505960464, 0.082812502980232, 0.062983572483063, 1.0, 0.5, 0.150000005960464, 0.0, 0.0 ],
			"8" : [ 0.0703125, 0.875, 0.019999999552965, 0.019999999552965, 0.5, 0.0, 0.050000000745058, 0.0, 0.220312505960464, 0.200000002980232, 0.0, 1.0, 0.5, 0.0 ],
			"9" : [ 0.560000002384186, 0.5, 0.5, 0.5 ],
			"10" : [ 0.34281250834465, 0.546875, 0.5, 0.121875002980232, 0.146874994039536, 0.307812511920929, 0.488749980926514, 0.0 ]
		}

	}

}
