{
	"waves" : [ 		{

		}
 ],
	"connections" : [ 		{

		}
, 		{
			"from" : 			{
				"number" : "0",
				"voice" : 1,
				"output" : 				{
					"number" : 0,
					"type" : "midi"
				}

			}
,
			"to" : 			{
				"number" : "3",
				"voice" : "all",
				"input" : 				{
					"number" : 0,
					"type" : "midi"
				}

			}
,
			"conversion" : 			{
				"mute" : 0,
				"scale" : 1,
				"vector" : 0,
				"offset" : 0.5,
				"offset2" : 0.5
			}

		}
, 		{
			"from" : 			{
				"number" : "3",
				"voice" : 1,
				"output" : 				{
					"number" : 1,
					"type" : "midi"
				}

			}
,
			"to" : 			{
				"number" : "4",
				"voice" : 1,
				"input" : 				{
					"number" : 0,
					"type" : "midi"
				}

			}
,
			"conversion" : 			{
				"mute" : 0,
				"scale" : 1,
				"vector" : 0,
				"offset" : 0.5,
				"offset2" : 0.5
			}

		}
, 		{
			"from" : 			{
				"number" : "3",
				"voice" : 2,
				"output" : 				{
					"number" : 1,
					"type" : "midi"
				}

			}
,
			"to" : 			{
				"number" : "4",
				"voice" : 2,
				"input" : 				{
					"number" : 0,
					"type" : "midi"
				}

			}
,
			"conversion" : 			{
				"mute" : 0,
				"scale" : 1,
				"vector" : 0,
				"offset" : 0.5,
				"offset2" : 0.5
			}

		}
, 		{
			"from" : 			{
				"number" : "4",
				"voice" : 1,
				"output" : 				{
					"number" : 0,
					"type" : "audio"
				}

			}
,
			"to" : 			{
				"number" : "5",
				"voice" : "all",
				"input" : 				{
					"number" : 0,
					"type" : "hardware"
				}

			}
,
			"conversion" : 			{
				"mute" : 0,
				"scale" : 1,
				"vector" : 0,
				"offset" : 0,
				"offset2" : 0.5
			}

		}
, 		{
			"from" : 			{
				"number" : "4",
				"voice" : 2,
				"output" : 				{
					"number" : 0,
					"type" : "audio"
				}

			}
,
			"to" : 			{
				"number" : "4",
				"voice" : 1,
				"input" : 				{
					"number" : 0,
					"type" : "audio"
				}

			}
,
			"conversion" : 			{
				"mute" : 0,
				"scale" : 1,
				"vector" : 0,
				"offset" : 0,
				"offset2" : 0.5
			}

		}
, 		{
			"from" : 			{
				"number" : "3",
				"voice" : 3,
				"output" : 				{
					"number" : 1,
					"type" : "midi"
				}

			}
,
			"to" : 			{
				"number" : "4",
				"voice" : 1,
				"input" : 				{
					"number" : 0,
					"type" : "midi"
				}

			}
,
			"conversion" : 			{
				"mute" : 0,
				"scale" : 1,
				"vector" : 0,
				"offset" : 0.5,
				"offset2" : 0.5
			}

		}
, 		{
			"from" : 			{
				"number" : "3",
				"voice" : 4,
				"output" : 				{
					"number" : 1,
					"type" : "midi"
				}

			}
,
			"to" : 			{
				"number" : "4",
				"voice" : 2,
				"input" : 				{
					"number" : 0,
					"type" : "midi"
				}

			}
,
			"conversion" : 			{
				"mute" : 0,
				"scale" : 1,
				"vector" : 0,
				"offset" : 0.5,
				"offset2" : 0.5
			}

		}
 ],
	"blocks" : [ 		{
			"patcher" : "core.clock",
			"name" : "core.clock",
			"type" : "note",
			"poly" : 			{
				"stack_mode" : "1x",
				"choose_mode" : "cycle free",
				"steal_mode" : "oldest",
				"voices" : 1
			}
,
			"error" : 			{
				"spread" : 0,
				"drift" : 0,
				"lockup" : 0
			}
,
			"flock" : 			{
				"mode" : "off",
				"amount" : 0
			}
,
			"space" : 			{
				"x" : -4,
				"y" : 3,
				"colour" : [ 149, 0, 52 ]
			}

		}
, 		{
			"patcher" : "core.input.control",
			"name" : "core.input.control",
			"type" : "note",
			"poly" : 			{
				"stack_mode" : "1x",
				"choose_mode" : "cycle free",
				"steal_mode" : "oldest",
				"voices" : 1
			}
,
			"error" : 			{
				"spread" : 0,
				"drift" : 0,
				"lockup" : 0
			}
,
			"flock" : 			{
				"mode" : "off",
				"amount" : 0
			}
,
			"space" : 			{
				"x" : -4,
				"y" : 1,
				"colour" : [ 138, 38, 58 ]
			}

		}
, 		{
			"patcher" : "core.input.keyboard",
			"name" : "core.input.keyboard",
			"type" : "note",
			"poly" : 			{
				"stack_mode" : "1x",
				"choose_mode" : "cycle free",
				"steal_mode" : "oldest",
				"voices" : 1
			}
,
			"error" : 			{
				"spread" : 0,
				"drift" : 0,
				"lockup" : 0
			}
,
			"flock" : 			{
				"mode" : "off",
				"amount" : 0
			}
,
			"space" : 			{
				"x" : -4,
				"y" : -1,
				"colour" : [ 205, 31, 76 ]
			}

		}
, 		{
			"patcher" : "seq.grid",
			"name" : "seq.grid",
			"type" : "note",
			"poly" : 			{
				"stack_mode" : "unison all",
				"choose_mode" : "blind cycle",
				"steal_mode" : "cyclic",
				"voices" : 4
			}
,
			"error" : 			{
				"spread" : 0,
				"drift" : 0,
				"lockup" : 0
			}
,
			"flock" : 			{
				"mode" : "off",
				"amount" : 0
			}
,
			"space" : 			{
				"x" : -1,
				"y" : 3,
				"colour" : [ 0, 95, 208 ]
			}
,
			"voice_data" : 			{
				"0" : [ 0.0, 0.166875004768372, 0.0, 0.75, 0.0, 0.65625, 0.0, 0.0, 0.0, 0.0, 0.0, 0.0, 0.0, 0.0, 0.0, 0.0, 0.0, 0.0, 0.0, 0.0, 0.0, 0.0, 0.0 ],
				"1" : [ 0.0, 0.119999997317791, 2.0, 0.7265625, 0.0, 0.0, 0.0, 0.0, 0.0, 0.0, 0.0, 0.0, 0.0, 0.0, 0.0, 0.0, 0.0, 0.0, 0.0, 0.0, 0.0, 0.0, 0.0 ],
				"2" : [ 0.0, 0.588750004768372, 10.0, 0.0, 0.0, 0.0, 0.0, 0.0, 0.0, 0.0, 0.0, 0.0, 0.0, 0.0, 0.0, 0.0, 0.0, 0.0, 0.703125, 0.0, 0.0, 0.0, 0.0 ],
				"3" : [ 0.0, 0.612187504768372, 2.0, 0.0, 0.0, 0.0, 0.0, 0.0, 0.0, 0.0, 0.0, 0.0, 0.0, 0.0, 0.0, 0.0, 0.5625, 0.0, 0.0, 0.0, 0.0, 0.0, 0.0 ]
			}

		}
, 		{
			"patcher" : "voice.basic",
			"name" : "voice.basic",
			"type" : "audio",
			"poly" : 			{
				"stack_mode" : "1x",
				"choose_mode" : "cycle free",
				"steal_mode" : "oldest",
				"voices" : 2
			}
,
			"error" : 			{
				"spread" : 0.1875,
				"drift" : 0.09375,
				"lockup" : 0.3046875
			}
,
			"flock" : 			{
				"mode" : "off",
				"amount" : 0
			}
,
			"space" : 			{
				"x" : 1,
				"y" : 3,
				"colour" : [ 171, 66, 144 ]
			}

		}
, 		{
			"name" : "hardware.laptop.out",
			"type" : "hardware",
			"poly" : 			{
				"stack_mode" : "1x",
				"choose_mode" : "cycle free",
				"steal_mode" : "oldest",
				"voices" : 2
			}
,
			"error" : 			{
				"spread" : 0,
				"drift" : 0,
				"lockup" : 0
			}
,
			"flock" : 			{
				"mode" : "off",
				"amount" : 0
			}
,
			"space" : 			{
				"x" : 1,
				"y" : -1,
				"colour" : [ 187, 66, 32 ]
			}

		}
, 		{

		}
, 		{

		}
, 		{

		}
, 		{

		}
, 		{

		}
, 		{

		}
, 		{

		}
, 		{

		}
, 		{

		}
, 		{

		}
, 		{

		}
, 		{

		}
, 		{

		}
, 		{

		}
, 		{

		}
, 		{

		}
, 		{

		}
, 		{

		}
, 		{

		}
, 		{

		}
, 		{

		}
, 		{

		}
, 		{

		}
, 		{

		}
, 		{

		}
, 		{

		}
, 		{

		}
, 		{

		}
, 		{

		}
, 		{

		}
, 		{

		}
, 		{

		}
, 		{

		}
, 		{

		}
, 		{

		}
, 		{

		}
, 		{

		}
, 		{

		}
, 		{

		}
, 		{

		}
, 		{

		}
, 		{

		}
, 		{

		}
, 		{

		}
, 		{

		}
, 		{

		}
, 		{

		}
, 		{

		}
, 		{

		}
, 		{

		}
, 		{

		}
, 		{

		}
, 		{

		}
, 		{

		}
, 		{

		}
, 		{

		}
, 		{

		}
, 		{

		}
, 		{

		}
, 		{

		}
, 		{

		}
, 		{

		}
, 		{

		}
, 		{

		}
, 		{

		}
, 		{

		}
, 		{

		}
, 		{

		}
, 		{

		}
, 		{

		}
, 		{

		}
, 		{

		}
, 		{

		}
, 		{

		}
, 		{

		}
, 		{

		}
, 		{

		}
, 		{

		}
, 		{

		}
, 		{

		}
, 		{

		}
, 		{

		}
, 		{

		}
, 		{

		}
, 		{

		}
, 		{

		}
, 		{

		}
, 		{

		}
, 		{

		}
, 		{

		}
, 		{

		}
, 		{

		}
, 		{

		}
, 		{

		}
, 		{

		}
, 		{

		}
, 		{

		}
, 		{

		}
, 		{

		}
, 		{

		}
, 		{

		}
, 		{

		}
, 		{

		}
, 		{

		}
, 		{

		}
, 		{

		}
, 		{

		}
, 		{

		}
, 		{

		}
, 		{

		}
, 		{

		}
, 		{

		}
, 		{

		}
, 		{

		}
, 		{

		}
, 		{

		}
, 		{

		}
, 		{

		}
, 		{

		}
, 		{

		}
, 		{

		}
, 		{

		}
 ],
	"states" : 	{
		"current" : 		{
			"0" : [ 0.600000023841858, 0.25, 0.050000000745058, 0.25, 0.409999996423721, 0.029999999329448, 0.025000000372529, 0.5, 0.600000023841858, 0.455000013113022, 0.321000009775162, 0.0, 0.0, 0.0, 0.0, 0.0, 0.5, 0.5, 0.5, 0.5, 0.5, 0.5, 0.5, 0.5 ],
			"1" : [ 0.0, 0.899999976158142 ],
			"2" : [ 0.0, 0.0, 0.899999976158142 ],
			"3" : [ 0.560000002384186, 0.5, 0.5, 0.5 ],
			"4" : [ 0.0, 0.875, 0.019999999552965, 0.019999999552965, 0.5, 0.0, 0.0, 0.046875, 0.1875, 0.200000002980232, 0.0, 1.0, 0.5, 0.0 ]
		}

	}

}
