{
	"waves" : [ 		{

		}
 ],
	"connections" : [ 		{

		}
, 		{
			"from" : 			{
				"number" : "0",
				"voice" : 1,
				"output" : 				{
					"number" : 0,
					"type" : "midi"
				}

			}
,
			"to" : 			{
				"number" : "3",
				"voice" : "all",
				"input" : 				{
					"number" : 0,
					"type" : "midi"
				}

			}
,
			"conversion" : 			{
				"mute" : 0,
				"scale" : 1,
				"vector" : 0,
				"offset" : 0.5,
				"offset2" : 0.5
			}

		}
, 		{
			"from" : 			{
				"number" : "3",
				"voice" : "all",
				"output" : 				{
					"number" : 0,
					"type" : "midi"
				}

			}
,
			"to" : 			{
				"number" : "4",
				"voice" : "all",
				"input" : 				{
					"number" : 0,
					"type" : "midi"
				}

			}
,
			"conversion" : 			{
				"mute" : 0,
				"scale" : 1,
				"vector" : 0,
				"offset" : 0.6640625,
				"offset2" : 0.5
			}

		}
, 		{
			"from" : 			{
				"number" : "0",
				"voice" : 1,
				"output" : 				{
					"number" : 0,
					"type" : "midi"
				}

			}
,
			"to" : 			{
				"number" : "5",
				"voice" : "all",
				"input" : 				{
					"number" : 0,
					"type" : "midi"
				}

			}
,
			"conversion" : 			{
				"mute" : 0,
				"scale" : 1,
				"vector" : 0,
				"offset" : 0.5,
				"offset2" : 0.5
			}

		}
 ],
	"blocks" : [ 		{
			"patcher" : "core.clock",
			"name" : "core.clock",
			"label" : "core.clock",
			"type" : "note",
			"poly" : 			{
				"stack_mode" : "1x",
				"choose_mode" : "cycle free",
				"steal_mode" : "oldest",
				"voices" : 1
			}
,
			"panel" : 			{
				"enable" : 1
			}
,
			"error" : 			{
				"spread" : 0,
				"drift" : 0,
				"lockup" : 0
			}
,
			"flock" : 			{
				"mode" : "off",
				"amount" : 0
			}
,
			"space" : 			{
				"x" : -7,
				"y" : 3,
				"colour" : [ 114, 42, 0 ]
			}
,
			"mute" : 0
		}
, 		{
			"patcher" : "core.input.control",
			"name" : "core.input.control",
			"label" : "core.input.control",
			"type" : "note",
			"poly" : 			{
				"stack_mode" : "1x",
				"choose_mode" : "cycle free",
				"steal_mode" : "oldest",
				"voices" : 1
			}
,
			"panel" : 			{
				"enable" : 0
			}
,
			"error" : 			{
				"spread" : 0,
				"drift" : 0,
				"lockup" : 0
			}
,
			"flock" : 			{
				"mode" : "off",
				"amount" : 0
			}
,
			"space" : 			{
				"x" : -7,
				"y" : 1,
				"colour" : [ 153, 58, 0 ]
			}

		}
, 		{
			"patcher" : "core.input.keyboard",
			"name" : "core.input.keyboard",
			"label" : "core.input.keyboard",
			"type" : "note",
			"poly" : 			{
				"stack_mode" : "1x",
				"choose_mode" : "cycle free",
				"steal_mode" : "oldest",
				"voices" : 1
			}
,
			"panel" : 			{
				"enable" : 0
			}
,
			"error" : 			{
				"spread" : 0,
				"drift" : 0,
				"lockup" : 0
			}
,
			"flock" : 			{
				"mode" : "off",
				"amount" : 0
			}
,
			"space" : 			{
				"x" : -7,
				"y" : -1,
				"colour" : [ 172, 80, 30 ]
			}

		}
, 		{
			"patcher" : "seq.rene",
			"name" : "seq.rene",
			"label" : "seq.rene",
			"type" : "note",
			"poly" : 			{
				"stack_mode" : "1x",
				"choose_mode" : "cycle free",
				"steal_mode" : "oldest",
				"voices" : 1
			}
,
			"panel" : 			{
				"enable" : 1
			}
,
			"error" : 			{
				"spread" : 0,
				"drift" : 0,
				"lockup" : 0
			}
,
			"flock" : 			{
				"mode" : "off",
				"amount" : 0
			}
,
			"space" : 			{
				"x" : -5,
				"y" : 3,
				"colour" : [ 80, 117, 27 ]
			}

		}
, 		{
			"patcher" : "voice.basic",
			"name" : "voice.basic",
			"label" : "voice.basic",
			"type" : "audio",
			"poly" : 			{
				"stack_mode" : "1x",
				"choose_mode" : "cycle free",
				"steal_mode" : "oldest",
				"voices" : 3
			}
,
			"panel" : 			{
				"enable" : 1,
				"parameters" : [ 0, 8 ]
			}
,
			"error" : 			{
				"spread" : 0,
				"drift" : 0,
				"lockup" : 0
			}
,
			"flock" : 			{
				"mode" : "off",
				"amount" : 0
			}
,
			"space" : 			{
				"x" : -3,
				"y" : 4,
				"colour" : [ 158, 0, 122 ]
			}
,
			"mute" : 0
		}
, 		{
			"patcher" : "seq.note.tracker",
			"name" : "seq.note.tracker",
			"label" : "seq.note.tracker",
			"type" : "note",
			"poly" : 			{
				"stack_mode" : "unison all",
				"choose_mode" : "blind cycle",
				"steal_mode" : "cyclic",
				"voices" : 1
			}
,
			"panel" : 			{
				"enable" : 1
			}
,
			"error" : 			{
				"spread" : 0,
				"drift" : 0,
				"lockup" : 0
			}
,
			"flock" : 			{
				"mode" : "off",
				"amount" : 0
			}
,
			"space" : 			{
				"x" : -3,
				"y" : 1,
				"colour" : [ 87, 116, 11 ]
			}
,
			"mute" : 0,
			"voice_data" : 			{
				"0" : [ 0.0, 0.118000000715256, 11.0, 53.0, 49.0, 56.0, 0.0, 0.0, 0.0, 0.0, 101.0, 0.0, 0.0, 0.0, 0.0, 0.0, 0.0, 0.0, 0.0, 0.0, 0.0, 0.0, 0.0, 0.0, 0.0, 0.0, 0.0, 0.0, 0.0, 0.0, 0.0, 0.0, 0.0, 0.0, 0.0, 60.0, 53.0, 56.0, 0.0, 0.0, 0.0, 0.0, 101.0, 0.0, 0.0, 0.0, 0.0, 0.0, 0.0, 0.0, 0.0, 0.0, 0.0, 0.0, 0.0, 0.0, 0.0, 0.0, 0.0, 0.0, 61.0, 66.0, 70.0, 0.0, 0.0, 0.0, 101.0, 0.0, 0.0, 0.0, 0.0, 0.0, 0.0, 0.0, 0.0, 0.0, 0.0, 0.0, 0.0, 0.0, 0.0, 0.0, 0.0, -1.0, 0.0, 0.0, 0.0, 0.0, 0.0, 0.0, 0.0, 0.0, 0.0, 0.0, 0.0, 0.0, 0.0, 0.0, 0.0, 0.0, 0.0, -1.0, 0.0, 0.0, 0.0, 0.0, 0.0, 0.0, 0.0, 0.0, -1.0, 0.0, 0.0, 0.0, 0.0, 0.0, 0.0, 0.0, 0.0, 0.0, 0.0, 0.0, 0.0, 0.0, 0.0, 0.0, 0.0, 0.0, 0.0, 0.0, 0.0, 0.0, 0.0, 0.0, 0.0, 0.0, 0.0, 0.0, 0.0, 0.0, 0.0, 0.0, 0.0, 0.0, 0.0, 0.0, 0.0, 0.0, 0.0, 0.0, 0.0, 0.0, 0.0, 0.0, 0.0, 0.0, 0.0, 0.0, 0.0, 0.0, 0.0, 0.0, 0.0, 0.0, 0.0, 0.0, 0.0, 0.0, 0.0, 0.0, 0.0, 0.0, 0.0, 0.0, 0.0, 0.0, 0.0, 0.0, 0.0, 0.0, 0.0, 0.0, 0.0, 0.0, 0.0, 0.0, 0.0, 0.0, 0.0, 0.0, 0.0, 0.0, 0.0, 0.0, 0.0, 0.0, 0.0, 0.0, 0.0, 0.0, 0.0, 0.0, 0.0, 0.0, 0.0, 0.0, 0.0, 0.0, 0.0, 0.0, 0.0, 0.0, 0.0, 0.0, 0.0, 0.0, 0.0, 0.0, 0.0, 0.0, 0.0, 0.0, 0.0, 0.0, 0.0, 0.0, 0.0, 0.0, 0.0, 0.0, 0.0, 0.0, 0.0, 0.0, 0.0, 0.0, 0.0, 0.0, 0.0, 0.0, 0.0, 0.0, 0.0, 0.0, 0.0, 0.0, 0.0, 0.0, 0.0, 0.0, 0.0, 0.0, 0.0, 0.0, 0.0, 0.0, 0.0, 0.0, 0.0, 0.0, 0.0, 0.0, 0.0, 0.0, 0.0, 0.0, 0.0, 0.0, 0.0, 0.0, 0.0, 0.0, 0.0, 0.0, 0.0, 0.0, 0.0, 0.0, 0.0, 0.0, 0.0, 0.0, 0.0, 0.0, 0.0, 0.0, 0.0, 0.0, 0.0, 0.0, 0.0, 0.0, 0.0, 0.0, 0.0, 0.0, 0.0, 0.0, 0.0, 0.0, 0.0, 0.0, 0.0, 0.0, 0.0, 0.0, 0.0, 0.0, 0.0, 0.0, 0.0, 0.0, 0.0, 0.0, 0.0, 0.0, 0.0, 0.0, 0.0, 0.0, 0.0, 0.0, 0.0, 0.0, 0.0, 0.0, 0.0, 0.0, 0.0, 0.0, 0.0, 0.0, 0.0, 0.0, 0.0, 0.0, 0.0, 0.0, 0.0, 0.0, 0.0, 0.0, 0.0, 0.0, 0.0, 0.0, 0.0, 0.0, 0.0, 0.0, 0.0, 0.0, 0.0, 0.0, 0.0, 0.0, 0.0, 0.0, 0.0, 0.0, 0.0, 0.0, 0.0, 0.0, 0.0, 0.0, 0.0, 0.0, 0.0, 0.0, 0.0, 0.0, 0.0, 0.0, 0.0, 0.0, 0.0, 0.0, 0.0, 0.0, 0.0, 0.0, 0.0, 0.0, 0.0, 0.0, 0.0, 0.0, 0.0, 0.0, 0.0, 0.0, 0.0, 0.0, 0.0, 0.0, 0.0, 0.0, 0.0, 0.0, 0.0, 0.0, 0.0, 0.0, 0.0, 0.0, 0.0, 0.0, 0.0, 0.0, 0.0, 0.0, 0.0, 0.0, 0.0, 0.0, 0.0, 0.0, 0.0, 0.0, 0.0, 0.0, 0.0, 0.0, 0.0, 0.0, 0.0, 0.0, 0.0, 0.0, 0.0, 0.0, 0.0, 0.0, 0.0, 0.0, 0.0, 0.0, 0.0, 0.0, 0.0, 0.0, 0.0, 0.0, 0.0, 0.0, 0.0, 0.0, 0.0, 0.0, 0.0, 0.0, 0.0, 0.0, 0.0, 0.0, 0.0, 0.0, 0.0, 0.0, 0.0, 0.0, 0.0, 0.0, 0.0, 0.0, 0.0, 0.0, 0.0, 0.0, 0.0, 0.0, 0.0, 0.0, 0.0, 0.0, 0.0, 0.0, 0.0, 0.0, 0.0, 0.0, 0.0, 0.0, 0.0, 0.0, 0.0, 0.0, 0.0, 0.0, 0.0, 0.0, 0.0, 0.0, 0.0, 0.0, 0.0, 0.0, 0.0, 0.0, 0.0, 0.0, 0.0, 0.0, 0.0, 0.0, 0.0, 0.0, 0.0, 0.0, 0.0, 0.0, 0.0, 0.0, 0.0, 0.0, 0.0, 0.0, 0.0, 0.0, 0.0, 0.0, 0.0, 0.0, 0.0, 0.0, 0.0, 0.0, 0.0, 0.0, 0.0, 0.0, 0.0, 0.0, 0.0, 0.0, 0.0, 0.0, 0.0, 0.0, 0.0, 0.0, 0.0, 0.0, 0.0, 0.0, 0.0, 0.0, 0.0, 0.0, 0.0, 0.0, 0.0, 0.0, 0.0, 0.0, 0.0, 0.0, 0.0, 0.0, 0.0, 0.0, 0.0, 0.0, 0.0, 0.0, 0.0, 0.0, 0.0, 0.0, 0.0, 0.0, 0.0, 0.0, 0.0, 0.0, 0.0, 0.0, 0.0, 0.0, 0.0, 0.0, 0.0, 0.0, 0.0, 0.0, 0.0, 0.0, 0.0, 0.0, 0.0, 0.0, 0.0, 0.0, 0.0, 0.0, 0.0, 0.0, 0.0, 0.0, 0.0, 0.0, 0.0, 0.0, 0.0, 0.0, 0.0, 0.0, 0.0, 0.0, 0.0, 0.0, 0.0, 0.0, 0.0, 0.0, 0.0, 0.0, 0.0, 0.0, 0.0, 0.0, 0.0, 0.0, 0.0, 0.0, 0.0, 0.0, 0.0, 0.0, 0.0, 0.0, 0.0, 0.0, 0.0, 0.0, 0.0, 0.0, 0.0, 0.0, 0.0, 0.0, 0.0, 0.0, 0.0, 0.0, 0.0, 0.0, 0.0, 0.0, 0.0, 0.0, 0.0, 0.0, 0.0, 0.0, 0.0, 0.0, 0.0, 0.0, 0.0, 0.0, 0.0, 0.0, 0.0, 0.0, 0.0, 0.0, 0.0, 0.0, 0.0, 0.0, 0.0, 0.0, 0.0, 0.0, 0.0, 0.0, 0.0, 0.0, 0.0, 0.0, 0.0, 0.0, 0.0, 0.0, 0.0, 0.0, 0.0, 0.0, 0.0, 0.0, 0.0, 0.0, 0.0, 0.0, 0.0, 0.0, 0.0, 0.0, 0.0, 0.0, 0.0, 0.0, 0.0, 0.0, 0.0, 0.0, 0.0, 0.0, 0.0, 0.0, 0.0, 0.0, 0.0, 0.0, 0.0, 0.0, 0.0, 0.0, 0.0, 0.0, 0.0, 0.0, 0.0, 0.0, 0.0, 0.0, 0.0, 0.0, 0.0, 0.0, 0.0, 0.0, 0.0, 0.0, 0.0, 0.0, 0.0, 0.0, 0.0, 0.0, 0.0, 0.0, 0.0, 0.0, 0.0, 0.0, 0.0, 0.0, 0.0, 0.0, 0.0, 0.0, 0.0, 0.0, 0.0, 0.0, 0.0, 0.0, 0.0, 0.0, 0.0, 0.0, 0.0, 0.0, 0.0, 0.0, 0.0, 0.0, 0.0, 0.0, 0.0, 0.0, 0.0, 0.0, 0.0, 0.0, 0.0, 0.0, 0.0, 0.0, 0.0, 0.0, 0.0, 0.0, 0.0, 0.0, 0.0, 0.0, 0.0, 0.0, 0.0, 0.0, 0.0, 0.0, 0.0, 0.0, 0.0, 0.0, 0.0, 0.0, 0.0, 0.0, 0.0, 0.0, 0.0, 0.0, 0.0, 0.0, 0.0, 0.0, 0.0, 0.0, 0.0, 0.0, 0.0, 0.0, 0.0, 0.0, 0.0, 0.0, 0.0, 0.0, 0.0, 0.0, 0.0, 0.0, 0.0, 0.0, 0.0, 0.0, 0.0, 0.0, 0.0, 0.0, 0.0, 0.0, 0.0, 0.0, 0.0, 0.0, 0.0, 0.0, 0.0, 0.0, 0.0, 0.0, 0.0, 0.0, 0.0, 0.0, 0.0, 0.0, 0.0, 0.0, 0.0, 0.0, 0.0, 0.0, 0.0, 0.0, 0.0, 0.0, 0.0, 0.0, 0.0, 0.0, 0.0, 0.0, 0.0, 0.0, 0.0, 0.0, 0.0, 0.0, 0.0, 0.0, 0.0, 0.0, 0.0, 0.0, 0.0, 0.0, 0.0, 0.0, 0.0, 0.0, 0.0, 0.0, 0.0, 0.0, 0.0, 0.0, 0.0, 0.0, 0.0, 0.0, 0.0, 0.0, 0.0, 0.0, 0.0, 0.0, 0.0, 0.0, 0.0, 0.0, 0.0, 0.0, 0.0, 0.0, 0.0, 0.0, 0.0, 0.0, 0.0, 0.0, 0.0, 0.0, 0.0, 0.0, 0.0, 0.0, 0.0, 0.0, 0.0, 0.0, 0.0, 0.0, 0.0, 0.0, 0.0, 0.0, 0.0, 0.0, 0.0, 0.0, 0.0, 0.0, 0.0, 0.0, 0.0, 0.0, 0.0, 0.0, 0.0, 0.0, 0.0, 0.0, 0.0, 0.0, 0.0, 0.0, 0.0, 0.0, 0.0, 0.0, 0.0, 0.0, 0.0, 0.0, 0.0, 0.0, 0.0, 0.0, 0.0, 0.0, 0.0, 0.0, 0.0, 0.0, 0.0, 0.0, 0.0, 0.0, 0.0, 0.0, 0.0, 0.0, 0.0, 0.0, 0.0, 0.0, 0.0, 0.0, 0.0, 0.0, 0.0, 0.0, 0.0, 0.0, 0.0, 0.0, 0.0, 0.0, 0.0, 0.0, 0.0, 0.0, 0.0, 0.0, 0.0, 0.0, 0.0, 0.0, 0.0, 0.0, 0.0, 0.0, 0.0, 0.0, 0.0, 0.0, 0.0, 0.0, 0.0, 0.0, 0.0, 0.0, 0.0, 0.0, 0.0, 0.0 ]
			}

		}
, 		{

		}
, 		{

		}
, 		{

		}
, 		{

		}
, 		{

		}
, 		{

		}
, 		{

		}
, 		{

		}
, 		{

		}
, 		{

		}
, 		{

		}
, 		{

		}
, 		{

		}
, 		{

		}
, 		{

		}
, 		{

		}
, 		{

		}
, 		{

		}
, 		{

		}
, 		{

		}
, 		{

		}
, 		{

		}
, 		{

		}
, 		{

		}
, 		{

		}
, 		{

		}
, 		{

		}
, 		{

		}
, 		{

		}
, 		{

		}
, 		{

		}
, 		{

		}
, 		{

		}
, 		{

		}
, 		{

		}
, 		{

		}
, 		{

		}
, 		{

		}
, 		{

		}
, 		{

		}
, 		{

		}
, 		{

		}
, 		{

		}
, 		{

		}
, 		{

		}
, 		{

		}
, 		{

		}
, 		{

		}
, 		{

		}
, 		{

		}
, 		{

		}
, 		{

		}
, 		{

		}
, 		{

		}
, 		{

		}
, 		{

		}
, 		{

		}
, 		{

		}
, 		{

		}
, 		{

		}
, 		{

		}
, 		{

		}
, 		{

		}
, 		{

		}
, 		{

		}
, 		{

		}
, 		{

		}
, 		{

		}
, 		{

		}
, 		{

		}
, 		{

		}
, 		{

		}
, 		{

		}
, 		{

		}
, 		{

		}
, 		{

		}
, 		{

		}
, 		{

		}
, 		{

		}
, 		{

		}
, 		{

		}
, 		{

		}
, 		{

		}
, 		{

		}
, 		{

		}
, 		{

		}
, 		{

		}
, 		{

		}
, 		{

		}
, 		{

		}
, 		{

		}
, 		{

		}
, 		{

		}
, 		{

		}
, 		{

		}
, 		{

		}
, 		{

		}
, 		{

		}
, 		{

		}
, 		{

		}
, 		{

		}
, 		{

		}
, 		{

		}
, 		{

		}
, 		{

		}
, 		{

		}
, 		{

		}
, 		{

		}
, 		{

		}
, 		{

		}
, 		{

		}
, 		{

		}
, 		{

		}
, 		{

		}
, 		{

		}
, 		{

		}
, 		{

		}
, 		{

		}
, 		{

		}
, 		{

		}
, 		{

		}
, 		{

		}
 ],
	"states" : 	{
		"2" : 		{
			"5" : [ 0.560000002384186, 0.5, 0.5, 0.5 ]
		}
,
		"5" : 		{
			"5" : [ 0.560000002384186, 0.296875, 0.8984375, 0.3671875 ]
		}
,
		"current" : 		{
			"0" : [ 0.600000023841858, 0.25, 0.050000000745058, 0.25, 0.409999996423721, 0.029999999329448, 0.025000000372529, 0.5, 0.600000023841858, 0.455000013113022, 0.321000009775162, 0.0, 0.0, 0.0, 0.0, 0.0, 0.5, 0.5, 0.5, 0.5, 0.5, 0.5, 0.5, 0.5 ],
			"1" : [ 0.0, 0.899999976158142 ],
			"2" : [ 0.0, 0.0, 0.899999976158142 ],
			"3" : [ 0.0, 0.690625011920929, 0.484375, 0.5, 0.5, 0.5, 0.5, 0.5, 0.5, 0.5, 0.5, 0.5, 0.5, 0.5, 0.5, 0.5, 0.5, 0.5, 0.5, 0.5, 0.5, 0.5, 0.5, 0.5, 0.5, 0.5, 0.5, 0.5, 0.5, 0.5, 0.5, 0.5, 0.5, 0.5, 0.5, 0.5, 0.5, 1.0, 1.0, 1.0, 1.0, 1.0, 1.0, 1.0, 1.0, 1.0, 1.0, 1.0, 1.0, 1.0, 1.0, 1.0, 1.0 ],
			"4" : [ 0.4453125, 0.96875, 0.019999999552965, 0.019999999552965, 0.5, 0.0, 0.050000000745058, 0.0, 0.28125, 0.200000002980232, 0.0, 1.0, 0.5, 0.0 ],
			"5" : [ 0.560000002384186, 0.5, 0.5, 0.5 ]
		}

	}

}
