{
	"waves" : [ 		{

		}
 ],
	"connections" : [ 		{

		}
, 		{
			"from" : 			{
				"number" : 0,
				"voice" : 1,
				"output" : 				{
					"number" : 0,
					"type" : "midi"
				}

			}
,
			"to" : 			{
				"number" : 3,
				"voice" : "all",
				"input" : 				{
					"number" : 0,
					"type" : "midi"
				}

			}
,
			"conversion" : 			{
				"mute" : 0,
				"scale" : 1,
				"vector" : 0,
				"offset" : 0.5,
				"offset2" : 0.5
			}

		}
, 		{
			"from" : 			{
				"number" : 3,
				"voice" : "all",
				"output" : 				{
					"number" : 0,
					"type" : "midi"
				}

			}
,
			"to" : 			{
				"number" : 4,
				"voice" : "all",
				"input" : 				{
					"number" : 0,
					"type" : "midi"
				}

			}
,
			"conversion" : 			{
				"mute" : 0,
				"scale" : 1,
				"vector" : 0,
				"offset" : 0.6171875,
				"offset2" : 0.5
			}

		}
, 		{
			"from" : 			{
				"number" : 4,
				"voice" : "all",
				"output" : 				{
					"number" : 0,
					"type" : "audio"
				}

			}
,
			"to" : 			{
				"number" : 5,
				"voice" : "all",
				"input" : 				{
					"number" : 0,
					"type" : "hardware"
				}

			}
,
			"conversion" : 			{
				"mute" : 0,
				"scale" : 1.515625,
				"vector" : 0.228571428571429,
				"offset" : 0.26,
				"offset2" : 0.5
			}

		}
, 		{
			"from" : 			{
				"number" : 0,
				"voice" : 2,
				"output" : 				{
					"number" : 0,
					"type" : "midi"
				}

			}
,
			"to" : 			{
				"number" : 6,
				"voice" : "all",
				"input" : 				{
					"number" : 0,
					"type" : "midi"
				}

			}
,
			"conversion" : 			{
				"mute" : 0,
				"scale" : 1,
				"vector" : 0,
				"offset" : 0.5,
				"offset2" : 0.5
			}

		}
, 		{
			"from" : 			{
				"number" : 6,
				"voice" : "all",
				"output" : 				{
					"number" : 0,
					"type" : "audio"
				}

			}
,
			"to" : 			{
				"number" : 5,
				"voice" : "all",
				"input" : 				{
					"number" : 0,
					"type" : "hardware"
				}

			}
,
			"conversion" : 			{
				"mute" : 0,
				"scale" : 1,
				"vector" : 0,
				"offset" : 0,
				"offset2" : 0.5
			}

		}
 ],
	"blocks" : [ 		{
			"patcher" : "core.clock",
			"name" : "core.clock",
			"type" : "note",
			"poly" : 			{
				"stack_mode" : "1x",
				"choose_mode" : "cycle free",
				"steal_mode" : "oldest",
				"voices" : 2
			}
,
			"error" : 			{
				"spread" : 0,
				"drift" : 0,
				"lockup" : 0
			}
,
			"flock" : 			{
				"mode" : "off",
				"amount" : 0
			}
,
			"space" : 			{
				"x" : -4,
				"y" : 3,
				"colour" : [ 149, 0, 52 ]
			}
,
			"mute" : 0
		}
, 		{
			"patcher" : "core.input.control",
			"name" : "core.input.control",
			"type" : "note",
			"poly" : 			{
				"stack_mode" : "1x",
				"choose_mode" : "cycle free",
				"steal_mode" : "oldest",
				"voices" : 1
			}
,
			"error" : 			{
				"spread" : 0,
				"drift" : 0,
				"lockup" : 0
			}
,
			"flock" : 			{
				"mode" : "off",
				"amount" : 0
			}
,
			"space" : 			{
				"x" : -4,
				"y" : 1,
				"colour" : [ 138, 38, 58 ]
			}
,
			"mute" : 0
		}
, 		{
			"patcher" : "core.input.keyboard",
			"name" : "core.input.keyboard",
			"type" : "note",
			"poly" : 			{
				"stack_mode" : "1x",
				"choose_mode" : "cycle free",
				"steal_mode" : "oldest",
				"voices" : 1
			}
,
			"error" : 			{
				"spread" : 0,
				"drift" : 0,
				"lockup" : 0
			}
,
			"flock" : 			{
				"mode" : "off",
				"amount" : 0
			}
,
			"space" : 			{
				"x" : -4,
				"y" : -1,
				"colour" : [ 205, 31, 76 ]
			}
,
			"mute" : 0
		}
, 		{
			"patcher" : "seq.note.tracker",
			"name" : "seq.note.tracker",
			"type" : "note",
			"poly" : 			{
				"stack_mode" : "unison all",
				"choose_mode" : "cycle free",
				"steal_mode" : "cyclic",
				"voices" : 1
			}
,
			"error" : 			{
				"spread" : 0,
				"drift" : 0,
				"lockup" : 0
			}
,
			"flock" : 			{
				"mode" : "off",
				"amount" : 0
			}
,
			"space" : 			{
				"x" : -2,
				"y" : 3,
				"colour" : [ 1, 72, 172 ]
			}
,
			"voice_data" : 			{
				"0" : [ 0.0, 0.118000000715256, 13.0, 61.0, 52.0, 49.0, 52.0, 0.0, 0.0, 0.0, 101.0, 0.0, 0.0, 0.0, 0.0, 0.0, 0.0, 0.0, 0.0, 0.0, 0.0, 0.0, 0.0, 0.0, 0.0, 0.0, 0.0, 0.0, 0.0, 0.0, 0.0, 0.0, 0.0, 0.0, 0.0, -1.0, 0.0, 0.0, 0.0, 0.0, 0.0, 0.0, 0.0, 0.0, -1.0, -1.0, 0.0, 0.0, 0.0, 0.0, 0.0, 0.0, 0.0, 0.0, -1.0, 0.0, 0.0, 0.0, 0.0, 0.0, 0.0, 0.0, 0.0, 52.0, 56.0, 54.0, 101.0, 0.0, 0.0, 0.0, 0.0, 0.0, 0.0, 0.0, 0.0, 0.0, 0.0, 0.0, 0.0, 0.0, 0.0, 0.0, 0.0, 0.0, 0.0, 0.0, 0.0, -1.0, 0.0, 0.0, 0.0, 0.0, 0.0, 0.0, 0.0, 0.0, -1.0, 0.0, 0.0, 49.0, 52.0, 54.0, 56.0, 0.0, 0.0, -1.0, 101.0, 0.0, -1.0, 0.0, 0.0, 0.0, 0.0, 0.0, -999.0, -1.0, 0.0, -1.0, -1.0, 0.0, 0.0, 0.0, -999.0, 0.0, 0.0, 0.0, 0.0, 0.0, 0.0, 0.0, 0.0, 0.0, 0.0, 0.0, 0.0, 0.0, 0.0, 0.0, 0.0, 0.0, 0.0, 0.0, 0.0, 0.0, 0.0, 0.0, 0.0, 0.0, 0.0, 0.0, 0.0, 0.0, 0.0, 0.0, 0.0, 0.0, 0.0, 0.0, 0.0, 0.0, 0.0, 0.0, 0.0, 0.0, 0.0, 0.0, 0.0, 0.0, 0.0, 0.0, 0.0, 0.0, 0.0, 0.0, 0.0, 0.0, 0.0, 0.0, 0.0, 0.0, 0.0, 0.0, 0.0, 0.0, 0.0, 0.0, 0.0, 0.0, 0.0, 0.0, 0.0, 0.0, 0.0, 0.0, 0.0, 0.0, 0.0, 0.0, 0.0, 0.0, 0.0, 0.0, 0.0, 0.0, 0.0, 0.0, 0.0, 0.0, 0.0, 0.0, 0.0, 0.0, 0.0, 0.0, 0.0, 0.0, 0.0, 0.0, 0.0, 0.0, 0.0, 0.0, 0.0, 0.0, 0.0, 0.0, 0.0, 0.0, 0.0, 0.0, 0.0, 0.0, 0.0, 0.0, 0.0, 0.0, 0.0, 0.0, 0.0, 0.0, 0.0, 0.0, 0.0, 0.0, 0.0, 0.0, 0.0, 0.0, 0.0, 0.0, 0.0, 0.0, 0.0, 0.0, 0.0, 0.0, 0.0, 0.0, 0.0, 0.0, 0.0, 0.0, 0.0, 0.0, 0.0, 0.0, 0.0, 0.0, 0.0, 0.0, 0.0, 0.0, 0.0, 0.0, 0.0, 0.0, 0.0, 0.0, 0.0, 0.0, 0.0, 0.0, 0.0, 0.0, 0.0, 0.0, 0.0, 0.0, 0.0, 0.0, 0.0, 0.0, 0.0, 0.0, 0.0, 0.0, 0.0, 0.0, 0.0, 0.0, 0.0, 0.0, 0.0, 0.0, 0.0, 0.0, 0.0, 0.0, 0.0, 0.0, 0.0, 0.0, 0.0, 0.0, 0.0, 0.0, 0.0, 0.0, 0.0, 0.0, 0.0, 0.0, 0.0, 0.0, 0.0, 0.0, 0.0, 0.0, 0.0, 0.0, 0.0, 0.0, 0.0, 0.0, 0.0, 0.0, 0.0, 0.0, 0.0, 0.0, 0.0, 0.0, 0.0, 0.0, 0.0, 0.0, 0.0, 0.0, 0.0, 0.0, 0.0, 0.0, 0.0, 0.0, 0.0, 0.0, 0.0, 0.0, 0.0, 0.0, 0.0, 0.0, 0.0, 0.0, 0.0, 0.0, 0.0, 0.0, 0.0, 0.0, 0.0, 0.0, 0.0, 0.0, 0.0, 0.0, 0.0, 0.0, 0.0, 0.0, 0.0, 0.0, 0.0, 0.0, 0.0, 0.0, 0.0, 0.0, 0.0, 0.0, 0.0, 0.0, 0.0, 0.0, 0.0, 0.0, 0.0, 0.0, 0.0, 0.0, 0.0, 0.0, 0.0, 0.0, 0.0, 0.0, 0.0, 0.0, 0.0, 0.0, 0.0, 0.0, 0.0, 0.0, 0.0, 0.0, 0.0, 0.0, 0.0, 0.0, 0.0, 0.0, 0.0, 0.0, 0.0, 0.0, 0.0, 0.0, 0.0, 0.0, 0.0, 0.0, 0.0, 0.0, 0.0, 0.0, 0.0, 0.0, 0.0, 0.0, 0.0, 0.0, 0.0, 0.0, 0.0, 0.0, 0.0, 0.0, 0.0, 0.0, 0.0, 0.0, 0.0, 0.0, 0.0, 0.0, 0.0, 0.0, 0.0, 0.0, 0.0, 0.0, 0.0, 0.0, 0.0, 0.0, 0.0, 0.0, 0.0, 0.0, 0.0, 0.0, 0.0, 0.0, 0.0, 0.0, 0.0, 0.0, 0.0, 0.0, 0.0, 0.0, 0.0, 0.0, 0.0, 0.0, 0.0, 0.0, 0.0, 0.0, 0.0, 0.0, 0.0, 0.0, 0.0, 0.0, 0.0, 0.0, 0.0, 0.0, 0.0, 0.0, 0.0, 0.0, 0.0, 0.0, 0.0, 0.0, 0.0, 0.0, 0.0, 0.0, 0.0, 0.0, 0.0, 0.0, 0.0, 0.0, 0.0, 0.0, 0.0, 0.0, 0.0, 0.0, 0.0, 0.0, 0.0, 0.0, 0.0, 0.0, 0.0, 0.0, 0.0, 0.0, 0.0, 0.0, 0.0, 0.0, 0.0, 0.0, 0.0, 0.0, 0.0, 0.0, 0.0, 0.0, 0.0, 0.0, 0.0, 0.0, 0.0, 0.0, 0.0, 0.0, 0.0, 0.0, 0.0, 0.0, 0.0, 0.0, 0.0, 0.0, 0.0, 0.0, 0.0, 0.0, 0.0, 0.0, 0.0, 0.0, 0.0, 0.0, 0.0, 0.0, 0.0, 0.0, 0.0, 0.0, 0.0, 0.0, 0.0, 0.0, 0.0, 0.0, 0.0, 0.0, 0.0, 0.0, 0.0, 0.0, 0.0, 0.0, 0.0, 0.0, 0.0, 0.0, 0.0, 0.0, 0.0, 0.0, 0.0, 0.0, 0.0, 0.0, 0.0, 0.0, 0.0, 0.0, 0.0, 0.0, 0.0, 0.0, 0.0, 0.0, 0.0, 0.0, 0.0, 0.0, 0.0, 0.0, 0.0, 0.0, 0.0, 0.0, 0.0, 0.0, 0.0, 0.0, 0.0, 0.0, 0.0, 0.0, 0.0, 0.0, 0.0, 0.0, 0.0, 0.0, 0.0, 0.0, 0.0, 0.0, 0.0, 0.0, 0.0, 0.0, 0.0, 0.0, 0.0, 0.0, 0.0, 0.0, 0.0, 0.0, 0.0, 0.0, 0.0, 0.0, 0.0, 0.0, 0.0, 0.0, 0.0, 0.0, 0.0, 0.0, 0.0, 0.0, 0.0, 0.0, 0.0, 0.0, 0.0, 0.0, 0.0, 0.0, 0.0, 0.0, 0.0, 0.0, 0.0, 0.0, 0.0, 0.0, 0.0, 0.0, 0.0, 0.0, 0.0, 0.0, 0.0, 0.0, 0.0, 0.0, 0.0, 0.0, 0.0, 0.0, 0.0, 0.0, 0.0, 0.0, 0.0, 0.0, 0.0, 0.0, 0.0, 0.0, 0.0, 0.0, 0.0, 0.0, 0.0, 0.0, 0.0, 0.0, 0.0, 0.0, 0.0, 0.0, 0.0, 0.0, 0.0, 0.0, 0.0, 0.0, 0.0, 0.0, 0.0, 0.0, 0.0, 0.0, 0.0, 0.0, 0.0, 0.0, 0.0, 0.0, 0.0, 0.0, 0.0, 0.0, 0.0, 0.0, 0.0, 0.0, 0.0, 0.0, 0.0, 0.0, 0.0, 0.0, 0.0, 0.0, 0.0, 0.0, 0.0, 0.0, 0.0, 0.0, 0.0, 0.0, 0.0, 0.0, 0.0, 0.0, 0.0, 0.0, 0.0, 0.0, 0.0, 0.0, 0.0, 0.0, 0.0, 0.0, 0.0, 0.0, 0.0, 0.0, 0.0, 0.0, 0.0, 0.0, 0.0, 0.0, 0.0, 0.0, 0.0, 0.0, 0.0, 0.0, 0.0, 0.0, 0.0, 0.0, 0.0, 0.0, 0.0, 0.0, 0.0, 0.0, 0.0, 0.0, 0.0, 0.0, 0.0, 0.0, 0.0, 0.0, 0.0, 0.0, 0.0, 0.0, 0.0, 0.0, 0.0, 0.0, 0.0, 0.0, 0.0, 0.0, 0.0, 0.0, 0.0, 0.0, 0.0, 0.0, 0.0, 0.0, 0.0, 0.0, 0.0, 0.0, 0.0, 0.0, 0.0, 0.0, 0.0, 0.0, 0.0, 0.0, 0.0, 0.0, 0.0, 0.0, 0.0, 0.0, 0.0, 0.0, 0.0, 0.0, 0.0, 0.0, 0.0, 0.0, 0.0, 0.0, 0.0, 0.0, 0.0, 0.0, 0.0, 0.0, 0.0, 0.0, 0.0, 0.0, 0.0, 0.0, 0.0, 0.0, 0.0, 0.0, 0.0, 0.0, 0.0, 0.0, 0.0, 0.0, 0.0, 0.0, 0.0, 0.0, 0.0, 0.0, 0.0, 0.0, 0.0, 0.0, 0.0, 0.0, 0.0, 0.0, 0.0, 0.0, 0.0, 0.0, 0.0, 0.0, 0.0, 0.0, 0.0, 0.0, 0.0, 0.0, 0.0, 0.0, 0.0, 0.0, 0.0, 0.0, 0.0, 0.0, 0.0, 0.0, 0.0, 0.0, 0.0, 0.0, 0.0, 0.0, 0.0, 0.0, 0.0, 0.0, 0.0, 0.0, 0.0, 0.0, 0.0, 0.0, 0.0, 0.0, 0.0, 0.0, 0.0, 0.0, 0.0, 0.0, 0.0, 0.0, 0.0, 0.0, 0.0, 0.0, 0.0, 0.0, 0.0, 0.0, 0.0, 0.0, 0.0, 0.0, 0.0, 0.0, 0.0, 0.0, 0.0, 0.0, 0.0, 0.0, 0.0, 0.0, 0.0, 0.0, 0.0, 0.0, 0.0, 0.0, 0.0, 0.0, 0.0, 0.0, 0.0, 0.0, 0.0, 0.0, 0.0, 0.0, 0.0, 0.0, 0.0, 0.0, 0.0, 0.0, 0.0, 0.0, 0.0, 0.0, 0.0, 0.0, 0.0, 0.0, 0.0, 0.0, 0.0, 0.0, 0.0, 0.0, 0.0, 0.0, 0.0, 0.0, 0.0, 0.0, 0.0, 0.0, 0.0, 0.0, 0.0, 0.0, 0.0, 0.0, 0.0, 0.0, 0.0, 0.0, 0.0, 0.0, 0.0, 0.0, 0.0, 0.0 ]
			}
,
			"mute" : 0
		}
, 		{
			"patcher" : "voice.basic",
			"name" : "voice.basic",
			"type" : "audio",
			"poly" : 			{
				"stack_mode" : "1x",
				"choose_mode" : "cycle free",
				"steal_mode" : "cyclic",
				"voices" : 6
			}
,
			"error" : 			{
				"spread" : 0.2578125,
				"drift" : 0,
				"lockup" : 0
			}
,
			"flock" : 			{
				"mode" : "off",
				"amount" : 0
			}
,
			"space" : 			{
				"x" : 0.0,
				"y" : 3,
				"colour" : [ 171, 66, 144 ]
			}
,
			"mute" : 0
		}
, 		{
			"name" : "hardware.laptop.out",
			"type" : "hardware",
			"poly" : 			{
				"stack_mode" : "1x",
				"choose_mode" : "cycle free",
				"steal_mode" : "oldest",
				"voices" : 2
			}
,
			"error" : 			{
				"spread" : 0,
				"drift" : 0,
				"lockup" : 0
			}
,
			"flock" : 			{
				"mode" : "off",
				"amount" : 0
			}
,
			"space" : 			{
				"x" : 0,
				"y" : -1,
				"colour" : [ 187, 66, 32 ]
			}

		}
, 		{
			"patcher" : "seq.sample.tracker",
			"name" : "seq.sample.tracker",
			"type" : "audio",
			"poly" : 			{
				"stack_mode" : "unison all",
				"choose_mode" : "blind cycle",
				"steal_mode" : "cyclic",
				"voices" : 1
			}
,
			"error" : 			{
				"spread" : 0,
				"drift" : 0,
				"lockup" : 0
			}
,
			"flock" : 			{
				"mode" : "off",
				"amount" : 0
			}
,
			"space" : 			{
				"x" : -2,
				"y" : 0,
				"colour" : [ 0, 33, 101 ]
			}
,
			"mute" : 0,
			"voice_data" : 			{
				"0" : [ 0.0, 0.185156255960464, 6.0, 61.0, 101.0, 1.0, 26.0, 0.0, 0.0, 0.0, 0.0, 0.0, 0.0, 0.0, 0.0, 0.0, 0.0, 0.0, 0.0, 0.0, 0.0, -1.0, 0.0, 0.0, 0.0, 0.0, 0.0, 0.0, 0.0, 0.0, 0.0, 0.0, 0.0, 0.0, 0.0, 0.0, 0.0, 0.0, 0.0, 73.0, 101.0, 1.0, 22.0, 0.0, 0.0, 0.0, 0.0, 0.0, 0.0, 0.0, 0.0, 0.0, 0.0, 0.0, 0.0, 0.0, 0.0, 68.0, 101.0, 1.0, 18.0, 0.0, 0.0, 0.0, 0.0, 0.0, 0.0, 0.0, 0.0, 0.0, 0.0, 0.0, 0.0, 0.0, 0.0, 73.0, 101.0, 1.0, 16.0, 0.0, 0.0, -1.0, 0.0, 0.0, 0.0, 0.0, 0.0, 68.0, 101.0, 1.0, 2.0, 0.0, 0.0, -1.0, 0.0, 0.0, 0.0, 0.0, 0.0, 73.0, 101.0, 1.0, 14.0, 0.0, 0.0, 80.0, 101.0, 1.0, 2.0, 0.0, 0.0, -1.0, 0.0, 0.0, 0.0, 0.0, 0.0, 68.0, 101.0, 1.0, 7.0, 0.0, 0.0, 73.0, 101.0, 1.0, 6.0, 0.0, 0.0, 80.0, 101.0, 1.0, 3.0, 0.0, 0.0, -1.0, 0.0, 0.0, 0.0, 0.0, 0.0, 85.0, 101.0, 1.0, 13.0, 0.0, 0.0, -1.0, 0.0, 0.0, 0.0, 0.0, 0.0, 0.0, 0.0, 0.0, 0.0, 0.0, 0.0, 0.0, 0.0, 0.0, 0.0, 0.0, 0.0, 0.0, 0.0, 0.0, 0.0, 0.0, 0.0, 0.0, 0.0, 0.0, 0.0, 0.0, 0.0, 0.0, 0.0, 0.0, 0.0, 0.0, 0.0, 0.0, 0.0, 0.0, 0.0, 0.0, 0.0, 0.0, 0.0, 0.0, 0.0, 0.0, 0.0, 0.0, 0.0, 0.0, 0.0, 0.0, 0.0, 0.0, 0.0, 0.0, 0.0, 0.0, 0.0, 0.0, 0.0, 0.0, 0.0, 0.0, 0.0, 0.0, 0.0, 0.0, 0.0, 0.0, 0.0, 0.0, 0.0, 0.0, 0.0, 0.0, 0.0, 0.0, 0.0, 0.0, 0.0, 0.0, 0.0, 0.0, 0.0, 0.0, 0.0, 0.0, 0.0, 0.0, 0.0, 0.0, 0.0, 0.0, 0.0, 0.0, 0.0, 0.0, 0.0, 0.0, 0.0, 0.0, 0.0, 0.0, 0.0, 0.0, 0.0, 0.0, 0.0, 0.0, 0.0, 0.0, 0.0, 0.0, 0.0, 0.0, 0.0, 0.0, 0.0, 0.0, 0.0, 0.0, 0.0, 0.0, 0.0, 0.0, 0.0, 0.0, 0.0, 0.0, 0.0, 0.0, 0.0, 0.0, 0.0, 0.0, 0.0, 0.0, 0.0, 0.0, 0.0, 0.0, 0.0, 0.0, 0.0, 0.0, 0.0, 0.0, 0.0, 0.0, 0.0, 0.0, 0.0, 0.0, 0.0, 0.0, 0.0, 0.0, 0.0, 0.0, 0.0, 0.0, 0.0, 0.0, 0.0, 0.0, 0.0, 0.0, 0.0, 0.0, 0.0, 0.0, 0.0, 0.0, 0.0, 0.0, 0.0, 0.0, 0.0, 0.0, 0.0, 0.0, 0.0, 0.0, 0.0, 0.0, 0.0, 0.0, 0.0, 0.0, 0.0, 0.0, 0.0, 0.0, 0.0, 0.0, 0.0, 0.0, 0.0, 0.0, 0.0, 0.0, 0.0, 0.0, 0.0, 0.0, 0.0, 0.0, 0.0, 0.0, 0.0, 0.0, 0.0, 0.0, 0.0, 0.0, 0.0, 0.0, 0.0, 0.0, 0.0, 0.0, 0.0, 0.0, 0.0, 0.0, 0.0, 0.0, 0.0, 0.0, 0.0, 0.0, 0.0, 0.0, 0.0, 0.0, 0.0, 0.0, 0.0, 0.0, 0.0, 0.0, 0.0, 0.0, 0.0, 0.0, 0.0, 0.0, 0.0, 0.0, 0.0, 0.0, 0.0, 0.0, 0.0, 0.0, 0.0, 0.0, 0.0, 0.0, 0.0, 0.0, 0.0, 0.0, 0.0, 0.0, 0.0, 0.0, 0.0, 0.0, 0.0, 0.0, 0.0, 0.0, 0.0, 0.0, 0.0, 0.0, 0.0, 0.0, 0.0, 0.0, 0.0, 0.0, 0.0, 0.0, 0.0, 0.0, 0.0, 0.0, 0.0, 0.0, 0.0, 0.0, 0.0, 0.0, 0.0, 0.0, 0.0, 0.0, 0.0, 0.0, 0.0, 0.0, 0.0, 0.0, 0.0, 0.0, 0.0, 0.0, 0.0, 0.0, 0.0, 0.0, 0.0, 0.0, 0.0, 0.0, 0.0, 0.0, 0.0, 0.0, 0.0, 0.0, 0.0, 0.0, 0.0, 0.0, 0.0, 0.0, 0.0, 0.0, 0.0, 0.0, 0.0, 0.0, 0.0, 0.0, 0.0, 0.0, 0.0, 0.0, 0.0, 0.0, 0.0, 0.0, 0.0, 0.0, 0.0, 0.0, 0.0, 0.0, 0.0, 0.0, 0.0, 0.0, 0.0, 0.0, 0.0, 0.0, 0.0, 0.0, 0.0, 0.0, 0.0, 0.0, 0.0, 0.0, 0.0, 0.0, 0.0, 0.0, 0.0, 0.0, 0.0, 0.0, 0.0, 0.0, 0.0, 0.0, 0.0, 0.0, 0.0, 0.0, 0.0, 0.0, 0.0, 0.0, 0.0, 0.0, 0.0, 0.0, 0.0, 0.0, 0.0, 0.0, 0.0, 0.0, 0.0, 0.0, 0.0, 0.0, 0.0, 0.0, 0.0, 0.0, 0.0, 0.0, 0.0, 0.0, 0.0, 0.0, 0.0, 0.0, 0.0, 0.0, 0.0, 0.0, 0.0, 0.0, 0.0, 0.0, 0.0, 0.0, 0.0, 0.0, 0.0, 0.0, 0.0, 0.0, 0.0, 0.0, 0.0, 0.0, 0.0, 0.0, 0.0, 0.0, 0.0, 0.0, 0.0, 0.0, 0.0, 0.0, 0.0, 0.0, 0.0, 0.0, 0.0, 0.0, 0.0, 0.0, 0.0, 0.0, 0.0, 0.0, 0.0, 0.0, 0.0, 0.0, 0.0, 0.0, 0.0, 0.0, 0.0, 0.0, 0.0, 0.0, 0.0, 0.0, 0.0, 0.0, 0.0, 0.0, 0.0, 0.0, 0.0, 0.0, 0.0, 0.0, 0.0, 0.0, 0.0, 0.0, 0.0, 0.0, 0.0, 0.0, 0.0, 0.0, 0.0, 0.0, 0.0, 0.0, 0.0, 0.0, 0.0, 0.0, 0.0, 0.0, 0.0, 0.0, 0.0, 0.0, 0.0, 0.0, 0.0, 0.0, 0.0, 0.0, 0.0, 0.0, 0.0, 0.0, 0.0, 0.0, 0.0, 0.0, 0.0, 0.0, 0.0, 0.0, 0.0, 0.0, 0.0, 0.0, 0.0, 0.0, 0.0, 0.0, 0.0, 0.0, 0.0, 0.0, 0.0, 0.0, 0.0, 0.0, 0.0, 0.0, 0.0, 0.0, 0.0, 0.0, 0.0, 0.0, 0.0, 0.0, 0.0, 0.0, 0.0, 0.0, 0.0, 0.0, 0.0, 0.0, 0.0, 0.0, 0.0, 0.0, 0.0, 0.0, 0.0, 0.0, 0.0, 0.0, 0.0, 0.0, 0.0, 0.0, 0.0, 0.0, 0.0, 0.0, 0.0, 0.0, 0.0, 0.0, 0.0, 0.0, 0.0, 0.0, 0.0, 0.0, 0.0, 0.0, 0.0, 0.0, 0.0, 0.0, 0.0, 0.0, 0.0, 0.0, 0.0, 0.0, 0.0, 0.0, 0.0, 0.0, 0.0, 0.0, 0.0, 0.0, 0.0, 0.0, 0.0, 0.0, 0.0, 0.0, 0.0, 0.0, 0.0, 0.0, 0.0, 0.0, 0.0, 0.0, 0.0, 0.0, 0.0, 0.0, 0.0, 0.0, 0.0, 0.0, 0.0, 0.0, 0.0, 0.0, 0.0, 0.0, 0.0, 0.0, 0.0, 0.0, 0.0, 0.0, 0.0, 0.0, 0.0, 0.0, 0.0, 0.0, 0.0, 0.0, 0.0, 0.0, 0.0, 0.0, 0.0, 0.0, 0.0, 0.0, 0.0, 0.0, 0.0, 0.0, 0.0, 0.0, 0.0, 0.0, 0.0, 0.0, 0.0, 0.0, 0.0, 0.0, 0.0, 0.0, 0.0, 0.0, 0.0, 0.0, 0.0, 0.0, 0.0, 0.0, 0.0, 0.0, 0.0, 0.0, 0.0, 0.0, 0.0, 0.0, 0.0, 0.0, 0.0, 0.0, 0.0, 0.0, 0.0, 0.0, 0.0, 0.0, 0.0, 0.0, 0.0, 0.0, 0.0, 0.0, 0.0, 0.0, 0.0, 0.0, 0.0, 0.0, 0.0, 0.0, 0.0, 0.0, 0.0, 0.0, 0.0, 0.0, 0.0, 0.0, 0.0, 0.0, 0.0, 0.0, 0.0, 0.0, 0.0, 0.0, 0.0, 0.0, 0.0, 0.0, 0.0, 0.0, 0.0, 0.0, 0.0, 0.0, 0.0, 0.0, 0.0, 0.0, 0.0, 0.0, 0.0, 0.0, 0.0, 0.0, 0.0, 0.0, 0.0, 0.0, 0.0, 0.0, 0.0, 0.0, 0.0, 0.0, 0.0, 0.0, 0.0, 0.0, 0.0, 0.0, 0.0, 0.0, 0.0, 0.0, 0.0, 0.0, 0.0, 0.0, 0.0, 0.0, 0.0, 0.0, 0.0, 0.0, 0.0, 0.0, 0.0, 0.0, 0.0, 0.0, 0.0, 0.0, 0.0, 0.0, 0.0, 0.0, 0.0, 0.0, 0.0, 0.0, 0.0, 0.0, 0.0, 0.0, 0.0, 0.0, 0.0, 0.0, 0.0, 0.0, 0.0, 0.0, 0.0, 0.0, 0.0, 0.0, 0.0, 0.0, 0.0, 0.0, 0.0, 0.0, 0.0, 0.0, 0.0, 0.0, 0.0, 0.0, 0.0, 0.0, 0.0, 0.0, 0.0, 0.0, 0.0, 0.0, 0.0, 0.0, 0.0, 0.0, 0.0, 0.0, 0.0, 0.0, 0.0, 0.0, 0.0, 0.0, 0.0, 0.0, 0.0, 0.0, 0.0, 0.0, 0.0, 0.0, 0.0, 0.0, 0.0, 0.0, 0.0, 0.0, 0.0, 0.0, 0.0, 0.0, 0.0, 0.0, 0.0, 0.0, 0.0, 0.0, 0.0, 0.0, 0.0, 0.0, 0.0, 0.0, 0.0, 0.0, 0.0, 0.0, 0.0, 0.0 ]
			}

		}
, 		{

		}
, 		{

		}
, 		{

		}
, 		{

		}
, 		{

		}
, 		{

		}
, 		{

		}
, 		{

		}
, 		{

		}
, 		{

		}
, 		{

		}
, 		{

		}
, 		{

		}
, 		{

		}
, 		{

		}
, 		{

		}
, 		{

		}
, 		{

		}
, 		{

		}
, 		{

		}
, 		{

		}
, 		{

		}
, 		{

		}
, 		{

		}
, 		{

		}
, 		{

		}
, 		{

		}
, 		{

		}
, 		{

		}
, 		{

		}
, 		{

		}
, 		{

		}
, 		{

		}
, 		{

		}
, 		{

		}
, 		{

		}
, 		{

		}
, 		{

		}
, 		{

		}
, 		{

		}
, 		{

		}
, 		{

		}
, 		{

		}
, 		{

		}
, 		{

		}
, 		{

		}
, 		{

		}
, 		{

		}
, 		{

		}
, 		{

		}
, 		{

		}
, 		{

		}
, 		{

		}
, 		{

		}
, 		{

		}
, 		{

		}
, 		{

		}
, 		{

		}
, 		{

		}
, 		{

		}
, 		{

		}
, 		{

		}
, 		{

		}
, 		{

		}
, 		{

		}
, 		{

		}
, 		{

		}
, 		{

		}
, 		{

		}
, 		{

		}
, 		{

		}
, 		{

		}
, 		{

		}
, 		{

		}
, 		{

		}
, 		{

		}
, 		{

		}
, 		{

		}
, 		{

		}
, 		{

		}
, 		{

		}
, 		{

		}
, 		{

		}
, 		{

		}
, 		{

		}
, 		{

		}
, 		{

		}
, 		{

		}
, 		{

		}
, 		{

		}
, 		{

		}
, 		{

		}
, 		{

		}
, 		{

		}
, 		{

		}
, 		{

		}
, 		{

		}
, 		{

		}
, 		{

		}
, 		{

		}
, 		{

		}
, 		{

		}
, 		{

		}
, 		{

		}
, 		{

		}
, 		{

		}
, 		{

		}
, 		{

		}
, 		{

		}
, 		{

		}
, 		{

		}
, 		{

		}
, 		{

		}
, 		{

		}
, 		{

		}
, 		{

		}
, 		{

		}
, 		{

		}
, 		{

		}
, 		{

		}
, 		{

		}
 ],
	"states" : 	{
		"current" : 		{
			"0" : [ 0.600000023841858, 0.25, 0.050000000745058, 0.25, 0.409999996423721, 0.029999999329448, 0.025000000372529, 0.5, 0.600000023841858, 0.455000013113022, 0.321000009775162, 0.0, 0.0, 0.0, 0.0, 0.0, 0.5, 0.5, 0.5, 0.5, 0.5, 0.5, 0.5, 0.5 ],
			"1" : [ 0.0, 0.899999976158142 ],
			"2" : [ 0.0, 0.0, 0.899999976158142 ],
			"3" : [ 0.560000002384186, 0.5, 0.5, 0.5 ],
			"4" : [ 0.09167193621397, 0.875, 0.137187495827675, 0.160624995827675, 0.5, 0.0, 0.75, 0.0, 0.03750005364418, 0.0, 0.984375, 1.0, 0.546875, 0.0 ],
			"6" : [ 0.560000002384186, 0.5, 0.5, 0.5, 0.5, 0.5 ]
		}

	}

}
