{
	"waves" : [ 		{

		}
 ],
	"connections" : [ 		{

		}
, 		{
			"from" : 			{
				"number" : "0",
				"voice" : 1,
				"output" : 				{
					"number" : 0,
					"type" : "midi"
				}

			}
,
			"to" : 			{
				"number" : "3",
				"voice" : "all",
				"input" : 				{
					"number" : 0,
					"type" : "midi"
				}

			}
,
			"conversion" : 			{
				"mute" : 0,
				"scale" : 1,
				"vector" : 0,
				"offset" : 0.5,
				"offset2" : 0.5
			}

		}
, 		{
			"from" : 			{
				"number" : "4",
				"voice" : "all",
				"output" : 				{
					"number" : 0,
					"type" : "audio"
				}

			}
,
			"to" : 			{
				"number" : "5",
				"voice" : "all",
				"input" : 				{
					"number" : 0,
					"type" : "hardware"
				}

			}
,
			"conversion" : 			{
				"mute" : 0,
				"scale" : 1,
				"vector" : 0,
				"offset" : 0,
				"offset2" : 0.5
			}

		}
, 		{
			"from" : 			{
				"number" : "3",
				"voice" : 1,
				"output" : 				{
					"number" : 1,
					"type" : "midi"
				}

			}
,
			"to" : 			{
				"number" : "4",
				"voice" : "all",
				"input" : 				{
					"number" : 0,
					"type" : "midi"
				}

			}
,
			"conversion" : 			{
				"mute" : 0,
				"scale" : 1,
				"vector" : 0,
				"offset" : 0.734375,
				"offset2" : 0.5
			}

		}
, 		{
			"from" : 			{
				"number" : "3",
				"voice" : 2,
				"output" : 				{
					"number" : 0,
					"type" : "midi"
				}

			}
,
			"to" : 			{
				"number" : "6",
				"voice" : "all",
				"input" : 				{
					"number" : 0,
					"type" : "midi"
				}

			}
,
			"conversion" : 			{
				"mute" : 0,
				"scale" : 1,
				"vector" : 0,
				"offset" : 0.5,
				"offset2" : 0.5
			}

		}
, 		{
			"from" : 			{
				"number" : "6",
				"voice" : "all",
				"output" : 				{
					"number" : 0,
					"type" : "audio"
				}

			}
,
			"to" : 			{
				"number" : "5",
				"voice" : "all",
				"input" : 				{
					"number" : 0,
					"type" : "hardware"
				}

			}
,
			"conversion" : 			{
				"mute" : 0,
				"scale" : 1,
				"vector" : 0,
				"offset" : 0,
				"offset2" : 0.5
			}

		}
 ],
	"blocks" : [ 		{
			"patcher" : "core.clock",
			"name" : "core.clock",
			"label" : "core.clock",
			"type" : "note",
			"poly" : 			{
				"stack_mode" : "1x",
				"choose_mode" : "cycle free",
				"steal_mode" : "oldest",
				"voices" : 1
			}
,
			"panel" : 			{
				"enable" : 1
			}
,
			"error" : 			{
				"spread" : 0,
				"drift" : 0,
				"lockup" : 0
			}
,
			"flock" : 			{
				"mode" : "off",
				"amount" : 0
			}
,
			"space" : 			{
				"x" : -7,
				"y" : 3,
				"colour" : [ 114, 42, 0 ]
			}

		}
, 		{
			"patcher" : "core.input.control",
			"name" : "core.input.control",
			"label" : "core.input.control",
			"type" : "note",
			"poly" : 			{
				"stack_mode" : "1x",
				"choose_mode" : "cycle free",
				"steal_mode" : "oldest",
				"voices" : 1
			}
,
			"panel" : 			{
				"enable" : 0
			}
,
			"error" : 			{
				"spread" : 0,
				"drift" : 0,
				"lockup" : 0
			}
,
			"flock" : 			{
				"mode" : "off",
				"amount" : 0
			}
,
			"space" : 			{
				"x" : -7,
				"y" : 1,
				"colour" : [ 153, 58, 0 ]
			}

		}
, 		{
			"patcher" : "core.input.keyboard",
			"name" : "core.input.keyboard",
			"label" : "core.input.keyboard",
			"type" : "note",
			"poly" : 			{
				"stack_mode" : "1x",
				"choose_mode" : "cycle free",
				"steal_mode" : "oldest",
				"voices" : 1
			}
,
			"panel" : 			{
				"enable" : 0
			}
,
			"error" : 			{
				"spread" : 0,
				"drift" : 0,
				"lockup" : 0
			}
,
			"flock" : 			{
				"mode" : "off",
				"amount" : 0
			}
,
			"space" : 			{
				"x" : -7,
				"y" : -1,
				"colour" : [ 172, 80, 30 ]
			}

		}
, 		{
			"patcher" : "seq.grid",
			"name" : "seq.grid",
			"label" : "seq.grid",
			"type" : "note",
			"poly" : 			{
				"stack_mode" : "unison all",
				"choose_mode" : "blind cycle",
				"steal_mode" : "cyclic",
				"voices" : 2
			}
,
			"panel" : 			{
				"enable" : 1
			}
,
			"error" : 			{
				"spread" : 0,
				"drift" : 0,
				"lockup" : 0
			}
,
			"flock" : 			{
				"mode" : "off",
				"amount" : 0
			}
,
			"space" : 			{
				"x" : -4,
				"y" : 3,
				"colour" : [ 80, 103, 0 ]
			}
,
			"voice_data" : 			{
				"0" : [ 0.0, 0.119999997317791, 0.0, 0.046875, 0.140625, 0.2109375, 0.28125 ],
				"1" : [ 0.0, 0.073124997317791, 1.0, 0.542630612850189, 0.0, 0.409569591283798, 0.0 ]
			}

		}
, 		{
			"patcher" : "voice.basic",
			"name" : "voice.basic",
			"label" : "voice.basic",
			"type" : "audio",
			"poly" : 			{
				"stack_mode" : "1x",
				"choose_mode" : "cycle free",
				"steal_mode" : "oldest",
				"voices" : 1
			}
,
			"panel" : 			{
				"enable" : 1
			}
,
			"error" : 			{
				"spread" : 0,
				"drift" : 0,
				"lockup" : 0
			}
,
			"flock" : 			{
				"mode" : "off",
				"amount" : 0
			}
,
			"space" : 			{
				"x" : -1,
				"y" : 4,
				"colour" : [ 158, 0, 122 ]
			}
,
			"mute" : 0
		}
, 		{
			"name" : "hardware.out",
			"label" : "hardware.out",
			"type" : "hardware",
			"poly" : 			{
				"stack_mode" : "1x",
				"choose_mode" : "cycle free",
				"steal_mode" : "oldest",
				"voices" : 2
			}
,
			"panel" : 			{
				"enable" : 0
			}
,
			"error" : 			{
				"spread" : 0,
				"drift" : 0,
				"lockup" : 0
			}
,
			"flock" : 			{
				"mode" : "off",
				"amount" : 0
			}
,
			"space" : 			{
				"x" : -1,
				"y" : -0.0,
				"colour" : [ 155, 74, 45 ]
			}

		}
, 		{
			"patcher" : "voice.noise",
			"name" : "voice.noise",
			"label" : "voice.noise",
			"type" : "audio",
			"poly" : 			{
				"stack_mode" : "1x",
				"choose_mode" : "cycle free",
				"steal_mode" : "oldest",
				"voices" : 1
			}
,
			"panel" : 			{
				"enable" : 1
			}
,
			"error" : 			{
				"spread" : 0,
				"drift" : 0,
				"lockup" : 0
			}
,
			"flock" : 			{
				"mode" : "off",
				"amount" : 0
			}
,
			"space" : 			{
				"x" : -3,
				"y" : 2,
				"colour" : [ 187, 47, 144 ]
			}
,
			"mute" : 0
		}
, 		{

		}
, 		{

		}
, 		{

		}
, 		{

		}
, 		{

		}
, 		{

		}
, 		{

		}
, 		{

		}
, 		{

		}
, 		{

		}
, 		{

		}
, 		{

		}
, 		{

		}
, 		{

		}
, 		{

		}
, 		{

		}
, 		{

		}
, 		{

		}
, 		{

		}
, 		{

		}
, 		{

		}
, 		{

		}
, 		{

		}
, 		{

		}
, 		{

		}
, 		{

		}
, 		{

		}
, 		{

		}
, 		{

		}
, 		{

		}
, 		{

		}
, 		{

		}
, 		{

		}
, 		{

		}
, 		{

		}
, 		{

		}
, 		{

		}
, 		{

		}
, 		{

		}
, 		{

		}
, 		{

		}
, 		{

		}
, 		{

		}
, 		{

		}
, 		{

		}
, 		{

		}
, 		{

		}
, 		{

		}
, 		{

		}
, 		{

		}
, 		{

		}
, 		{

		}
, 		{

		}
, 		{

		}
, 		{

		}
, 		{

		}
, 		{

		}
, 		{

		}
, 		{

		}
, 		{

		}
, 		{

		}
, 		{

		}
, 		{

		}
, 		{

		}
, 		{

		}
, 		{

		}
, 		{

		}
, 		{

		}
, 		{

		}
, 		{

		}
, 		{

		}
, 		{

		}
, 		{

		}
, 		{

		}
, 		{

		}
, 		{

		}
, 		{

		}
, 		{

		}
, 		{

		}
, 		{

		}
, 		{

		}
, 		{

		}
, 		{

		}
, 		{

		}
, 		{

		}
, 		{

		}
, 		{

		}
, 		{

		}
, 		{

		}
, 		{

		}
, 		{

		}
, 		{

		}
, 		{

		}
, 		{

		}
, 		{

		}
, 		{

		}
, 		{

		}
, 		{

		}
, 		{

		}
, 		{

		}
, 		{

		}
, 		{

		}
, 		{

		}
, 		{

		}
, 		{

		}
, 		{

		}
, 		{

		}
, 		{

		}
, 		{

		}
, 		{

		}
, 		{

		}
, 		{

		}
, 		{

		}
, 		{

		}
, 		{

		}
, 		{

		}
, 		{

		}
, 		{

		}
, 		{

		}
, 		{

		}
, 		{

		}
 ],
	"states" : 	{
		"0" : 		{
			"6" : [ 0, 0.5, 0.0, 0.0, 0.173437505960464, 0.200000002980232, 0.0, 1.0, 0.5 ],
			"4" : [ 0, 0.0, 0.8359375, 0.019999999552965, 0.019999999552965, 0.5, 0.0, 0.050000000745058, 0.0, 0.150000005960464, 0.200000002980232, 0.0, 1.0, 0.5, 0.0 ]
		}
,
		"current" : 		{
			"0" : [ 0, 0.506250023841858, 0.050000000745058, 0.200000002980232, 0.090000003576279, 0.409999996423721, 0.029999999329448, 0.025000000372529, 0.5, 0.600000023841858, 0.455000013113022, 0.321000009775162, 0.0, 0.0, 0.0, 0.0, 0.0, 0.5, 0.5, 0.5, 0.5, 0.5, 0.5, 0.5, 0.5 ],
			"1" : [ 0, 0.0, 0.899999976158142 ],
			"2" : [ 0, 0.0, 0.0, 0.899999976158142 ],
			"3" : [ 0, 0.560000002384186, 0.5, 0.5, 0.5 ],
			"4" : [ 0, 0.0, 0.8359375, 0.019999999552965, 0.019999999552965, 0.5, 0.0, 0.050000000745058, 0.0, 0.150000005960464, 0.200000002980232, 0.0, 1.0, 0.5, 0.0 ],
			"5" : 0,
			"6" : [ 0, 0.5, 0.0, 0.0, 0.173437505960464, 0.200000002980232, 0.0, 1.0, 0.5 ]
		}

	}

}
