{
	"io" : 	{
		"keyboards" : ["Xkey25","Xkey37","MIDIIN2 (MIDIMATE II)"],
		"controllers" : {
			"Midi Fighter Twister" : {
				"name" : "Midi Fighter Twister",
				"outputs" : 16,
				"type" : "encoder",
				"channel" : 1,
				"first" : 0,
				"columns" : 4,
				"rows" : 4,
				"colour" : {
					"type" : "midifighter",
					"channel" : 2,
					"first" : 0
				},
				"value" : {
					"type" : "cc",
					"channel" : 1,
					"first" : 0
				},
				"resets" : {
					"type" : "cc",
					"channel" : 2,
					"first" : 0
				}
			}
		},
		"hardware" : "MIDIMATE II"
	},
	"hardware" : 	{
		"hardware.out.es8" : {
			"type" : "hardware",
			"max_polyphony" : 8,
			"help_text" : "cv outputs",
			"connections" : {
				"in" : {
					"hardware" : [ "out" ],
					"hardware_channels" : [ 1, 2, 3, 4, 5, 6, 7, 8 ]
				}
			}
		},
		"hardware.in.es8" : {
			"type" : "hardware",
			"max_polyphony" : 4,
			"help_text" : "cv inputs",
			"connections" : {
				"out" : {
					"hardware" : [ "in" ],
					"hardware_channels" : [ 1, 2, 3, 4 ]
				}
			}
		},
		"hardware.out.es3" : {
			"type" : "hardware",
			"max_polyphony" : 8,
			"help_text" : "cv inputs",
			"connections" : {
				"in" : {
					"hardware" : [ "out" ],
					"hardware_channels" : [ 9, 10, 11, 12, 13, 14, 15, 16 ]
				}
			}
		}
	}
}