{
	"io" : 	{
		"keyboards" : ["Xkey37","Xkey25","MIDIIN2 (MIDIMATE II)"],
		"matrix" : "MIDIOUT2 (MIDIMATE II)",
		"hardware" : "MIDIMATE II",
		"matrix_switch" : {
			"midi_out" : "MIDIMATE II",
			"matrix_out" : 12,
			"midi_control_channel" : 3,
			"midi_control_cc" : 25
		},
		"controllers" : {
			"JAMES_16e" : {
				"name" : "JAMES_16e",
				"outputs" : 16,
				"type" : "encoder",
				"channel" : 1,
				"first" : 0,
				"scaling" : 0.125,
				"columns" : 4,
				"rows" : 4,
				"colour" : {
					"type" : "midifighter",
					"channel" : 2,
					"first" : 0
				}
			},
			"Midi Fighter Twister" : {
				"name" : "Midi Fighter Twister",
				"outputs" : 16,
				"type" : "encoder",
				"channel" : 1,
				"first" : 0,
				"columns" : 4,
				"rows" : 4,
				"colour" : {
					"type" : "midifighter",
					"channel" : 2,
					"first" : 0
				},
				"value" : {
					"type" : "cc",
					"channel" : 1,
					"first" : 0
				},
				"resets" : {
					"type" : "cc",
					"channel" : 2,
					"first" : 0
				}
			}
		},		
		"triggers_in" :"TriggerIO"
	},
	"hardware" : 	{
		"hardware.out.1+2" : 			{
			"type" : "hardware",
			"max_polyphony" : 2,
			"exclusive" : 1,
			"connections" : {
				"in" : {
					"hardware" : [ "out" ],
					"hardware_channels" : [ 1, 2 ],
					"matrix_channels" : [13, 14]
				}
			}
		},
		"hardware.out.3" : 			{
			"type" : "hardware",
			"exclusive" : 1,
			"max_polyphony" : 1,
			"connections" : {
				"in" : {
					"hardware" : [ "out" ],
					"matrix_channels" : [15]
				}
			}
		},
		"hardware.out.4" : 			{
			"type" : "hardware",
			"exclusive" : 1,
			"max_polyphony" : 1,
			"connections" : {
				"in" : {
					"hardware" : [ "out" ],
					"matrix_channels" : [16]
				}
			}
		},
		"hardware.filter.arp" : 			{
			"type" : "hardware",
			"exclusive" : 1,
			"max_polyphony" : 1,
			"substitute" : "fx.2pole.filter",
			"connections" : {
				"in" : {
					"hardware" : [ "in", "cutoff" ],
					"hardware_channels" : [ 6, 14 ],
					"matrix_channels" : [4, 12.6]
				},
				"out" : {
					"hardware" : [ "out" ],
					"hardware_channels" : [4 ],
					"matrix_channels" : [4 ]
				}
			}
		},
		"hardware.filter.polivoks" : 			{
			"type" : "hardware",
			"exclusive" : 1,
			"max_polyphony" : 1,
			"substitute" : "fx.2pole.filter",
			"connections" : {
				"in" : {
					"hardware" : [ "in", "cutoff" ],
					"hardware_channels" : [ 9, 12 ],
					"matrix_channels" : [8, 12.4]
				},
				"out" : {
					"hardware" : [ "lp + bbd", "bp" ],
					"hardware_channels" : [8,9 ],
					"matrix_channels" : [9,10 ]
				}
			}
		},
		"hardware.filter.sem" : 			{
			"type" : "hardware",
			"exclusive" : 1,
			"max_polyphony" : 1,
			"substitute" : "fx.2pole.filter",
			"connections" : {
				"in" : {
					"hardware" : [ "in", "cutoff" ],
					"hardware_channels" : [ 8, 16 ],
					"matrix_channels" : [6, 12.8]
				},
				"out" : {
					"hardware" : [ "lp" , "bp" ],
					"hardware_channels" : [6,7 ],
					"matrix_channels" : [6,7 ]
				}
			}
		},
		"hardware.filter.prophet" : 			{
			"type" : "hardware",
			"exclusive" : 1,
			"max_polyphony" : 1,
			"substitute" : "fx.2pole.filter",
			"connections" : {
				"in" : {
					"hardware" : [ "in", "cutoff" ],
					"hardware_channels" : [ 3, 10 ],
					"matrix_channels" : [1, 12.2]
				},
				"out" : {
					"hardware" : [ "out" ],
					"hardware_channels" : [1 ],
					"matrix_channels" : [1 ]
				}
			}
		},
		"hardware.filter.coiler" : 			{
			"type" : "hardware",
			"exclusive" : 1,
			"max_polyphony" : 1,
			"substitute" : "fx.2pole.filter",
			"connections" : {
				"in" : {
					"hardware" : [ "in", "cutoff" ],
					"hardware_channels" : [ 5, 13 ],
					"matrix_channels" : [3, 12.5]
				},
				"out" : {
					"hardware" : [ "lp","bp","hp" ],
					"hardware_channels" : [3,11,12 ],
					"matrix_channels" : [3,12,15 ]
				}
			}
		},
		"hardware.res4" : 			{
			"type" : "hardware",
			"exclusive" : 1,
			"max_polyphony" : 1,
			"midi_output_number" : 0,
			"connections" : {
				"in" : {
					"hardware" : [ "in", "freq1" ],
					"hardware_channels" : [ 4, 11 ],
					"matrix_channels" : [2, 12.3],
					"midi" : ["one", "two", "three"],
					"midi_ins_channels" : [ 3, 4, 5 ]
				},
				"out" : {
					"hardware" : [ "out" ],
					"hardware_channels" : [2 ],
					"matrix_channels" : [2 ]
				}
			},
			"groups" : [
				{ 
					"contains" : [0,1,2]
				},
				{
					"contains" : [3,4,5]
				}
			],
			"parameters" : [
				{
					"name" : "one attack",
					"type" : "int",
					"values" : ["uni", 0,127, "lin"],
					"wrap" : 0,
					"default" : 0,
					"midi_channel" : 3,
					"midi_cc" : 73
				},
				{
					"name" : "two attack",
					"type" : "int",
					"values" : ["uni", 0,127, "lin"],
					"wrap" : 0,
					"default" : 0,
					"midi_channel" : 4,
					"midi_cc" : 73
				},
				{
					"name" : "three attack",
					"type" : "int",
					"values" : ["uni", 0,127, "lin"],
					"wrap" : 0,
					"default" : 0,
					"midi_channel" : 5,
					"midi_cc" : 73
				},
				{
					"name" : "one release",
					"type" : "int",
					"values" : ["uni", 0,127, "lin"],
					"wrap" : 0,
					"default" : 0,
					"midi_channel" : 3,
					"midi_cc" : 72
				},
				{
					"name" : "two release",
					"type" : "int",
					"values" : ["uni", 0,127, "lin"],
					"wrap" : 0,
					"default" : 0,
					"midi_channel" : 4,
					"midi_cc" : 72
				},
				{
					"name" : "three release",
					"type" : "int",
					"values" : ["uni", 0,127, "lin"],
					"wrap" : 0,
					"default" : 0,
					"midi_channel" : 5,
					"midi_cc" : 72
				}
			]
		},
		"hardware.divider" : 			{
			"type" : "hardware",
			"exclusive" : 1,
			"max_polyphony" : 1,
			"substitute" : "fx.atoner",
			"connections" : {
				"in" : {
					"hardware" : [ "in" ],
					"matrix_channels" : [ 7 ]
				},
				"out" : {
					"hardware" : [ "out" ],
					"matrix_channels" : [8 ]
				}
			}
		},
		"hardware.bard_ivan" : 			{
			"type" : "hardware",
			"exclusive" : 1,
			"max_polyphony" : 1,
			"connections" : {
				"in" : {
					"hardware" : [ "in" ],
					"matrix_channels" : [9]
				},
				"out" : {
					"hardware" : [ "out" ],
					"matrix_channels" : [11 ]
				}
			}
		},		
		"hardware.vca.mix" : 			{
			"type" : "hardware",
			"exclusive" : 1,
			"max_polyphony" : 1,
			"connections" : {
				"in" : {
					"hardware" : [ "in1", "in2", "in3" ],
					"matrix_channels" : [10,11,12.1],
					"midi" : [ "level1" , "level2" , "level3"],
					"midi_ins_channels" : [ 3,3,3 ],
					"midi_ins_ccs" : [ 16,17,18 ]			
				},
				"out" : {
					"hardware" : [ "out" ],
					"matrix_channels" : [14 ]
				}
			}
		},
		"hardware.bbd" : 			{
			"type" : "hardware",
			"exclusive" : 1,
			"max_polyphony" : 1,
			"substitute" : "fx.delay.tape",
			"connections" : {
				"in" : {
					"hardware" : [ "in", "time" ],
					"hardware_channels" : [ 7, 15 ],
					"matrix_channels" : [5, 12.7],
				"midi" : [ "time" ],
				"midi_ins_channels" : [ 3 ],
				"midi_ins_ccs" : [ 25 ]
				},
				"out" : {
					"hardware" : [ "out" ],
					"hardware_channels" : [5 ],
					"matrix_channels" : [5 ]
				}
			}
		},
		"hardware.in.ext" : 			{
			"type" : "hardware",
			"exclusive" : 1,
			"max_polyphony" : 1,
			"connections" : {
				"out" : {
					"hardware" : [ "ext input" ],
					"hardware_channels" : [ 10 ],
					"matrix_channels" : [13 ]
				}
			}
		},
		"hardware.lines.triggers" : 			{
			"type" : "hardware",
			"exclusive" : 1,
			"max_polyphony" : 1,
			"connections" : {
				"in" : {
					"midi" : [ "trigger1","trigger2" ],
					"midi_ins_channels" : [ 6,7 ]
				}
			}
		}
	}
}
