{"ar.aquickvoiceclip~": {"tags": ["filter", "utility"], "digest": "softens headset mic recordings that have been super hard clipped on capture", "url": "\"https://www.airwindows.com/aquickvoiceclip/\""}, "ar.crystal~": {"tags": ["clipper"], "digest": "a tone shaper and buss soft-clipper", "url": "\"https://www.airwindows.com/crystal\""}, "ar.tapedelay~": {"tags": ["delay", "tape"], "digest": "old school tape echo with pitch swerve effects", "url": "\"https://www.airwindows.com/tapedelay\""}, "ar.interstage~": {"tags": ["analog"], "digest": "a subtle and sophisticated analogifier", "url": "\"https://www.airwindows.com/interstage\""}, "ar.tapefat~": {"tags": ["tape"], "digest": "tone control from ar", "url": "\"https://www.airwindows.com/tapefat\""}, "ar.dehiss~": {"tags": ["gate"], "digest": "hiss gate", "url": "\"https://www.airwindows.com/dehiss\""}, "ar.purestair~": {"tags": [], "digest": "a brightness experiment", "url": "\"https://www.airwindows.com/purestair\""}, "ar.deess~": {"tags": ["utility", "deess"], "digest": "a de-esser", "url": "\"https://www.airwindows.com/deess\""}, "ar.swell~": {"tags": [], "digest": "adds attack", "url": "\"https://www.airwindows.com/swell\""}, "ar.ncseventeen~": {"tags": [], "digest": "dirty loud", "url": "\"https://www.airwindows.com/nc-17-vst/\""}, "ar.groovewear~": {"tags": ["lofi"], "digest": "for scrubbing highs off mechanically like a stylus would", "url": "\"https://www.airwindows.com/groovewear\""}, "ar.dubcenter~": {"tags": ["bass"], "digest": "a version of DubSub where the bass reinforcement is purely mono", "url": "\"https://www.airwindows.com/dubcenter\""}, "ar.ironoxideclassic2~": {"tags": ["tape", "filter"], "digest": "a bandpassy tape sim", "url": "\"https://www.airwindows.com/iron-oxide-classic-2\""}, "ar.adclip7~": {"tags": ["clipper", "utility"], "digest": "loudness maximizer / peak control clipper", "url": "\"https://www.airwindows.com/adclip-7/\""}, "ar.mojo~": {"tags": ["dynamics"], "digest": "a biggenator that also works as a loudenator", "url": "\"https://www.airwindows.com/mojo\""}, "ar.neverland~": {"tags": ["character"], "digest": "Neve-style color adder", "url": "\"https://www.airwindows.com/neverland\""}, "ar.facet~": {"tags": ["clipper"], "digest": "hard clip that adds two sharp corners into the wave", "url": "\"https://www.airwindows.com/facet\""}, "ar.ultrasonic~": {"tags": ["filter"], "digest": "very clean, plain, high quality supersonic filter, for using inside digital mixes", "url": "\"https://www.airwindows.com/ultrasonic\""}, "ar.bassamp~": {"tags": ["saturation", "bass"], "digest": "gives some bass guitar tones", "url": "\"https://www.airwindows.com/bassamp/\""}, "ar.remap~": {"tags": ["utility", "dynamics"], "digest": "puts the guts back into overloudenated audio", "url": "\"https://www.airwindows.com/remap\""}, "ar.biquad~": {"tags": ["filter"], "digest": "Airwindows implementation of a biquad filter", "url": "\"https://www.airwindows.com/biquad/\""}, "ar.acceleration2~": {"tags": ["filter"], "digest": "Second gen acceleration limiter that tames edge, leaves brightness", "url": "\"https://www.airwindows.com/acceleration2/\""}, "ar.bitglitter~": {"tags": ["destruction", "lofi"], "digest": "old-sampler style digital lo-fi effect", "url": "\"https://www.airwindows.com/bitglitter/\""}, "ar.tovinyl4~": {"tags": ["lofi", "vinyl"], "digest": "vinyl-mastering simulator bringing several vinyl-type colors", "url": "\"https://www.airwindows.com/tovinyl4\""}, "ar.righteous4~": {"tags": ["utility"], "digest": "a final output stage for targeting dynamic range", "url": "\"https://www.airwindows.com/righteous4\""}, "ar.srsly2~": {"tags": ["stereo"], "digest": "psychoacoustic stereo processor", "url": "\"https://www.airwindows.com/srsly2\""}, "ar.basskit~": {"tags": ["saturation", "bass"], "digest": "a centered bass reinforcement with subs fill", "url": "\"https://www.airwindows.com/basskit/\""}, "ar.voiceofthestarship~": {"tags": ["character"], "digest": "a tube recording console type tone coloring", "url": "\"https://www.airwindows.com/voice-of-the-starship-vst\""}, "ar.noise~": {"tags": [], "digest": "the Airwindows deep noise oscillator as a sound reinforcer", "url": "\"https://www.airwindows.com/noise\""}, "ar.xhighpass~": {"tags": ["EQ"], "digest": "distorted digital EQ, inspired by retro sampler DSP", "url": "\"https://www.airwindows.com/xhighpass\""}, "ar.recurve~": {"tags": ["compressor"], "digest": "a special buss compressor with no threshold point", "url": "\"https://www.airwindows.com/recurve\""}, "ar.elation~": {"tags": ["character"], "digest": "adds some character", "url": "\"https://www.airwindows.com/elation\""}, "ar.guitarconditioner~": {"tags": [], "digest": "tone shaper", "url": "\"https://www.airwindows.com/guitar-conditioner\""}, "ar.average~": {"tags": ["filter"], "digest": "distinctive sort of lowpass filter", "url": "\"https://www.airwindows.com/average/\""}, "ar.powersag2~": {"tags": ["analog"], "digest": "emulating power supply limitations in analog modeling, version 2", "url": "\"https://www.airwindows.com/powersag2\""}, "ar.desk4~": {"tags": ["analog", "character"], "digest": "distinctive analog coloration", "url": "\"https://www.airwindows.com/desk4\""}, "ar.aura~": {"tags": ["filter", "EQ"], "digest": "a new kind of resonant lowpass EQ", "url": "\"https://www.airwindows.com/aura/\""}, "ar.lowpass2~": {"tags": ["filter"], "digest": "an unusual-sounding variable-slope lowpass filter", "url": "\"https://www.airwindows.com/lowpass2\""}, "ar.lowpass~": {"tags": ["filter"], "digest": "deepens the tone, leaves a gloss and textural modifications", "url": "\"https://www.airwindows.com/lowpass\""}, "ar.focus~": {"tags": [], "digest": "brings out clarity by distorting", "url": "\"https://www.airwindows.com/focus\""}, "ar.mackity~": {"tags": [], "digest": "an emulation of the input stage of a vintage Mackie 1202", "url": "\"https://www.airwindows.com/mackity\""}, "ar.autopan~": {"tags": ["stereo"], "digest": "for getting some organic stereo movement into your mix", "url": "\"https://www.airwindows.com/autopan/\""}, "ar.calibre~": {"tags": ["character"], "digest": "character-adding effect", "url": "\"https://www.airwindows.com/calibre/\""}, "ar.podcast~": {"tags": ["compressor", "clipper"], "digest": "a simpler pile of curve-style compressors with hard clipping", "url": "\"https://www.airwindows.com/podcast\""}, "ar.ironoxide5~": {"tags": ["tape", "lofi"], "digest": "old school, heavily colored Airwindows tape emulation", "url": "\"https://www.airwindows.com/iron-oxide-5\""}, "ar.darknoise~": {"tags": ["bass"], "digest": "an alternative method for producing bassier noise directly", "url": "\"https://www.airwindows.com/darknoise\""}, "ar.tremolo~": {"tags": ["tremolo", "saturation"], "digest": "fluctuating saturation curves for a tubey tremolo", "url": "\"https://www.airwindows.com/tremolo\""}, "ar.pyewacket~": {"tags": ["compressor"], "digest": "An old school compressor for high definition transients", "url": "\"https://www.airwindows.com/pyewacket\""}, "ar.purestwarm~": {"tags": [], "digest": "a subtle tone shaper and warmth adder", "url": "\"https://www.airwindows.com/purestwarm\""}, "ar.surgetide~": {"tags": ["character"], "digest": "surge and flow dynamics", "url": "\"https://www.airwindows.com/surgetide\""}, "ar.xbandpass~": {"tags": ["EQ"], "digest": "distorted digital EQ, inspired by retro sampler DSP", "url": "\"https://www.airwindows.com/xbandpass\""}, "ar.baxandall~": {"tags": ["filter", "EQ"], "digest": "a killer general-purpose EQ", "url": "\"https://www.airwindows.com/baxandall/\""}, "ar.capacitor~": {"tags": ["filter"], "digest": "a lowpass/highpass filter", "url": "\"https://www.airwindows.com/capacitor\""}, "ar.air~": {"tags": ["EQ"], "digest": "add air to your mix", "url": "\"https://www.airwindows.com/air-vst\""}, "ar.infinity2~": {"tags": [], "digest": "a reverb specifically designed to sustain and layer sounds forever with more tone shaping and a kill-switch", "url": "\"https://www.airwindows.com/infinity2/\""}, "ar.compresaturator~": {"tags": ["compressor", "saturation", "clipper"], "digest": "fades between compressing and soft clipping", "url": "\"https://www.airwindows.com/compresaturator\""}, "ar.xlowpass~": {"tags": ["EQ"], "digest": "distorted digital EQ, inspired by retro sampler DSP", "url": "\"https://www.airwindows.com/xlowpass\""}, "ar.naturalizedither~": {"tags": ["dither"], "digest": "a deterministic dither that uses Benford Realness calculations for each sample", "url": "\"https://www.airwindows.com/naturalizedither\""}, "ar.luxor~": {"tags": ["character"], "digest": "adds some character", "url": "\"https://www.airwindows.com/luxor\""}, "ar.bassdrive~": {"tags": ["saturation", "drive", "bass"], "digest": "like a kind of bass amp", "url": "\"https://www.airwindows.com/bassdrive/\""}, "ar.apicolypse~": {"tags": ["saturation", "character"], "digest": "API-style color adder", "url": "\"https://www.airwindows.com/apicolypse/\""}, "ar.tape~": {"tags": ["tape"], "digest": "Tape mojo", "url": "\"https://www.airwindows.com/tape\""}, "ar.fracture~": {"tags": ["waveshaper"], "digest": "a frequency multiplier/waveshaper with a soft disruption to the sound", "url": "\"https://www.airwindows.com/fracture\""}, "ar.podcastdeluxe~": {"tags": ["compressor"], "digest": "a pile of compressors (curve style) and phase rotators", "url": "\"https://www.airwindows.com/podcastdeluxe\""}, "ar.buildatpdf~": {"tags": ["dither"], "digest": "a dither-making toolkit", "url": "\"https://www.airwindows.com/buildatpdf/\""}, "ar.chorus~": {"tags": ["chorus", "vibrato"], "digest": "mono chorus, also works as a vibrato", "url": "\"https://www.airwindows.com/chorus\""}, "ar.fathomfive~": {"tags": ["bass"], "digest": "a way of supplementing extreme bass that's not just EQ", "url": "\"https://www.airwindows.com/fathomfive\""}, "ar.purestecho~": {"tags": ["delay"], "digest": "optimized Airwindows echo with exactly four evenly spaced taps on tap", "url": "\"https://www.airwindows.com/purestecho\""}, "ar.cojones~": {"tags": ["distortion"], "digest": "a kind of distortion effect", "url": "\"https://www.airwindows.com/cojones\""}, "ar.highpass2~": {"tags": ["filter"], "digest": "an unusual-sounding variable-slope highpass filter", "url": null}, "ar.adt~": {"tags": ["delay", "saturation"], "digest": "double short delay tap with saturation", "url": "\"https://www.airwindows.com/adt-vst/\""}, "ar.tubedesk~": {"tags": ["character"], "digest": "a tube recording console type tone coloring", "url": "\"https://www.airwindows.com/tubedesk\""}, "ar.fromtape~": {"tags": ["analog", "tape"], "digest": "a minimalist, cleaner analog tape emulation", "url": "\"https://www.airwindows.com/fromtape\""}, "ar.thunder~": {"tags": ["compressor"], "digest": "a compressor that retains or exaggerates subsonic bass when you push it", "url": "\"https://www.airwindows.com/thunder\""}, "ar.singleendedtriode~": {"tags": ["analog", "character"], "digest": "unusual analog modeling effects", "url": "\"https://www.airwindows.com/single-ended-triode-vst/\""}, "ar.transdesk~": {"tags": ["analog"], "digest": "a transistory, rock desk analog modeling", "url": "\"https://www.airwindows.com/transdesk\""}, "ar.chromeoxide~": {"tags": ["drive", "saturation", "lofi", "tape"], "digest": "an alternate path to vibey old tape sonics", "url": "\"https://www.airwindows.com/chrome-oxide\""}, "ar.brassrider~": {"tags": [], "digest": "a 'One Weird Trick' for drum overheads in metal", "url": "\"https://www.airwindows.com/brassrider/\""}, "ar.totape6~": {"tags": ["tape"], "digest": "tape emulation", "url": "\"https://www.airwindows.com/totape6\""}, "ar.reverb~": {"tags": ["reverb"], "digest": "simplified and tuned MatrixVerb, adjusting everything for each optimum verb size", "url": "\"https://www.airwindows.com/reverb\""}, "ar.bitshiftgain~": {"tags": ["utility"], "digest": "a One Weird Trick perfect boost/pad, but in 6db increments only", "url": "\"https://www.airwindows.com/bitshiftgain/\""}, "ar.onecornerclip~": {"tags": ["clipper"], "digest": "an ultimate full-bandwidth clipper", "url": "\"https://www.airwindows.com/onecornerclip\""}, "ar.crunchygroovewear~": {"tags": ["destruction", "filter", "distortion"], "digest": "scrubs highs off mechanically like a stylus would plus extra edge and distortion", "url": "\"https://www.airwindows.com/crunchygroovewear\""}, "ar.slew2~": {"tags": ["deess"], "digest": "works like a de-esser or acceleration limiter: controls extreme highs", "url": "\"https://www.airwindows.com/slew2\""}, "ar.derez~": {"tags": ["distortion", "analog", "bitcrusher"], "digest": "an analog-style bit and sample rate crusher with continuous adjustments", "url": "\"https://www.airwindows.com/derez\""}, "ar.chorusensemble~": {"tags": ["chorus"], "digest": "a more complex, multi-tap mono chorus", "url": "\"https://www.airwindows.com/chorusensemble\""}, "ar.cliponly~": {"tags": ["clipper"], "digest": "a clipper that suppresses the brightness of digital clipping without affecting unclipped samples", "url": "\"https://www.airwindows.com/cliponly\""}, "ar.drumslam~": {"tags": ["tape"], "digest": "a heavy-processing tape modeler", "url": "\"https://www.airwindows.com/drumslam\""}, "ar.golem~": {"tags": [], "digest": "blend a stereo track of two mics on an amp", "url": "\"https://www.airwindows.com/golem\""}, "ar.digitalblack~": {"tags": ["gate"], "digest": "a quick, staccato gate", "url": "\"https://www.airwindows.com/digitalblack\""}, "ar.toneslant~": {"tags": ["EQ"], "digest": "a super-transparent 'tilt EQ' with very low Q", "url": "\"https://www.airwindows.com/toneslant\""}, "ar.matrixverb~": {"tags": ["reverb"], "digest": "a wildly adjustable, strangely colorful reverb for deep and flexible spaces", "url": "\"https://www.airwindows.com/matrixverb\""}, "ar.tapedither~": {"tags": ["tape"], "digest": "TPDF dither with noise like reel-to-reel tape", "url": "\"https://www.airwindows.com/tapedither\""}, "ar.phasenudge~": {"tags": ["allpass", "filter"], "digest": "a phase rotator/allpass filter", "url": "\"https://www.airwindows.com/phasenudge\""}, "ar.derez2~": {"tags": ["distortion", "bitcrusher"], "digest": "retro-digital hardware effect", "url": "\"https://www.airwindows.com/derez2\""}, "ar.ensemble~": {"tags": ["chorus"], "digest": "weird flangey little modulation effect", "url": "\"https://www.airwindows.com/ensemble\""}, "ar.bite~": {"tags": ["destruction", "lofi"], "digest": "an unusual edge-maker", "url": "\"https://www.airwindows.com/bite/\""}, "ar.gatelope~": {"tags": ["filter", "gate"], "digest": "a special gate that applies filters", "url": "\"https://www.airwindows.com/gatelope\""}, "ar.cider~": {"tags": [], "digest": "adds character", "url": "\"https://www.airwindows.com/cider\""}, "ar.distortion~": {"tags": ["analog", "distortion"], "digest": "a slightly dark analog-style distortion with several presets", "url": "\"https://www.airwindows.com/distortion\""}, "ar.distance2~": {"tags": ["reverb"], "digest": "shape shaper for creating depth", "url": "\"https://www.airwindows.com/distance2\""}, "ar.varimu~": {"tags": ["compressor"], "digest": "a more organic variation on Pressure (a compressor)", "url": "\"https://www.airwindows.com/varimu\""}, "ar.coils2~": {"tags": ["drive", "saturation"], "digest": "a transformer overdrive emulator", "url": "\"https://www.airwindows.com/coils2\""}, "ar.preponderant~": {"tags": [], "digest": "Anti-Soothe, a strange tone intensifier and balancer", "url": "\"https://www.airwindows.com/preponderant\""}, "ar.isolator~": {"tags": ["filter"], "digest": "a steep highpass or lowpass filter, like you might find in a speaker crossover", "url": "\"https://www.airwindows.com/isolator\""}, "ar.dustbunny~": {"tags": ["lofi"], "digest": "unpredictable distorty noise, like dust wedged under your turntable needle", "url": "\"https://www.airwindows.com/dustbunny\""}, "ar.curve~": {"tags": ["compressor"], "digest": "the simplest, purest form of Recurve (a special buss compressor with no threshold point) with no extra boosts", "url": "\"https://www.airwindows.com/curve/\""}, "ar.brightambience2~": {"tags": ["reverb"], "digest": "more BrightAmbience with better tone and more slapbacky effects", "url": "\"https://www.airwindows.com/brightambience2/\""}, "ar.tapedust~": {"tags": ["tape"], "digest": "special treble-erode noise, a 'slew noise' effect", "url": "\"https://www.airwindows.com/tapedust\""}, "ar.pop~": {"tags": ["compressor"], "digest": "a crazy overcompressor with a very exaggerated sound", "url": "\"https://www.airwindows.com/pop\""}, "ar.tremosquare~": {"tags": ["tremolo"], "digest": "a squarewave tremolo effect that only switches on zero crossings", "url": "\"https://www.airwindows.com/tremosquare\""}, "ar.density2~": {"tags": ["saturation"], "digest": "a different color of Density for saturation/antisaturation", "url": "\"https://www.airwindows.com/density2\""}, "ar.point~": {"tags": [], "digest": "explosive transient designer", "url": "\"https://www.airwindows.com/point\""}, "ar.logical4~": {"tags": ["compressor"], "digest": "a classic 2-buss compressor", "url": "\"https://www.airwindows.com/logical4\""}, "ar.smooth~": {"tags": [], "digest": "tame pointy sounds or make drums explode", "url": "\"https://www.airwindows.com/smooth\""}, "ar.rawtimbers~": {"tags": ["character"], "digest": "add brightness with quantization", "url": "\"https://www.airwindows.com/rawtimbers\""}, "ar.acceleration~": {"tags": ["filter"], "digest": "acceleration limiter that tames edge, leaves brightness", "url": "\"https://www.airwindows.com/acceleration/\""}, "ar.starchild~": {"tags": ["delay", "reverb"], "digest": "a weird digital ambience/echo plugin", "url": "\"https://www.airwindows.com/starchild\""}, "ar.gringer~": {"tags": [], "digest": "full-wave rectifier", "url": "\"https://www.airwindows.com/gringer\""}, "ar.mv~": {"tags": ["reverb"], "digest": "a dual-mono reverb based on BitShiftGain and the old Midiverbs", "url": "\"https://www.airwindows.com/mv\""}, "ar.melt~": {"tags": ["chorus"], "digest": "a wobbly chorusy weird diffuse effect", "url": "\"https://www.airwindows.com/melt\""}, "ar.verbity~": {"tags": ["reverb"], "digest": "reverb with feedforward reverb topology", "url": "\"https://www.airwindows.com/verbity\""}, "ar.capacitor2~": {"tags": ["filter", "nonlinear", "analog"], "digest": "Capacitor with extra analog modeling and mojo", "url": "\"https://www.airwindows.com/capacitor2\""}, "ar.dyno~": {"tags": [], "digest": "intensifier", "url": "\"https://www.airwindows.com/dyno\""}, "ar.slew3~": {"tags": ["clipper", "analog"], "digest": "a new approach to slew clipping meant for a more analog-like darkening effect", "url": "\"https://www.airwindows.com/slew3\""}, "ar.softgate~": {"tags": ["gate"], "digest": "a gate that can mute hiss and smooth sample tails", "url": "\"https://www.airwindows.com/softgate\""}, "ar.distance~": {"tags": ["reverb"], "digest": "a reverb", "url": "\"https://www.airwindows.com/distance\""}, "ar.slew~": {"tags": ["clipper", "character"], "digest": "a slew clipper which darkens treble in an unusual way", "url": "\"https://www.airwindows.com/slew\""}, "ar.dark~": {"tags": [], "digest": "a wordlength reducer that gives your music a blacker backdrop", "url": "\"https://www.airwindows.com/dark/\""}, "ar.triplespread~": {"tags": [], "digest": "a stereo tripler with extra wideness and GlitchShifter processing", "url": null}, "ar.dubsub~": {"tags": ["bass"], "digest": "a fully featured bass doctor", "url": "\"https://www.airwindows.com/dubsub\""}, "ar.vibrato~": {"tags": ["vibrato", "chorus"], "digest": "vibrato, chorus, flange, and make odd FM noises", "url": "\"https://www.airwindows.com/vibrato\""}, "ar.highimpact~": {"tags": [], "digest": "distorted grit and punch without fatness", "url": null}, "ar.spiral2~": {"tags": ["distortion"], "digest": "more smooth distortion", "url": "\"https://www.airwindows.com/spiral2\""}, "ar.infrasonic~": {"tags": ["filter"], "digest": "a very steep subsonic filter", "url": "\"https://www.airwindows.com/infrasonic\""}, "ar.deckwrecka~": {"tags": ["saturation", "lofi"], "digest": "fattens and dirties up beats", "url": "\"https://www.airwindows.com/deckwrecka\""}, "ar.hombre~": {"tags": [], "digest": "atmosphere and texture (through very short delays)", "url": null}, "ar.brightambience~": {"tags": ["reverb"], "digest": "very bright gated reverbs", "url": "\"https://www.airwindows.com/brightambience/\""}, "ar.pocketverbs~": {"tags": ["reverb"], "digest": "special effects reverbs", "url": "\"https://www.airwindows.com/pocketverbs\""}, "ar.holt~": {"tags": ["filter"], "digest": "a synth-like resonant lowpass filter focussed on bass frequencies", "url": null}, "ar.debess~": {"tags": ["deess", "utility"], "digest": "an improved de-esser", "url": "\"https://www.airwindows.com/debess\""}, "ar.vinyldither~": {"tags": ["dither"], "digest": "a high-performance dither that converts digital noise to 'groove noise'", "url": "\"https://www.airwindows.com/vinyldither\""}, "ar.xnotch~": {"tags": ["EQ"], "digest": "distorted digital EQ, not as glitchy as the others", "url": "\"https://www.airwindows.com/xnotch\""}, "ar.blockparty~": {"tags": ["saturation", "analog", "limiter"], "digest": "a moderately saturated analog limiter emulation", "url": "\"https://www.airwindows.com/blockparty/\""}, "ar.unbox~": {"tags": ["distortion"], "digest": "a distortion where only the harmonics that don't alias are allowed to distort", "url": "\"https://www.airwindows.com/unbox\""}, "ar.reseq~": {"tags": ["filter", "EQ"], "digest": "a bank of mostly midrange resonances", "url": "\"https://www.airwindows.com/reseq\""}, "ar.drive~": {"tags": ["distortion"], "digest": "the angry distortion", "url": "\"https://www.airwindows.com/drive\""}, "ar.spiral~": {"tags": ["distortion"], "digest": "smooth distortion", "url": "\"https://www.airwindows.com/spiral\""}, "ar.buttercomp2~": {"tags": ["compressor"], "digest": "The softest, smoothest compressor, improved with an output control and sound upgrades", "url": "\"https://www.airwindows.com/buttercomp2/\""}, "ar.pafnuty~": {"tags": ["filter"], "digest": "a Chebyshev filter that adds harmonics", "url": "\"https://www.airwindows.com/pafnuty\""}, "ar.energy~": {"tags": [], "digest": "electrifying fixed-frequency treble boosts", "url": "\"https://www.airwindows.com/energy\""}, "ar.beam~": {"tags": ["utility"], "digest": "wordlength reducer that tries to heighten sonority", "url": "\"https://www.airwindows.com/beam/\""}, "ar.mackeq~": {"tags": ["EQ"], "digest": "the Mackie distortion but with treble and bass controls added", "url": "\"https://www.airwindows.com/mackeq\""}, "ar.hardvacuum~": {"tags": ["saturation"], "digest": "tube style saturation", "url": null}, "ar.desk~": {"tags": ["analog"], "digest": "subtle analog modeling", "url": "\"https://www.airwindows.com/desk\""}, "ar.pressure4~": {"tags": ["compressor"], "digest": "a compressor adjustable between vari-mu and New York peak-retaining behaviors", "url": "\"https://www.airwindows.com/pressure4\""}, "ar.precious~": {"tags": ["character"], "digest": "add some character", "url": "\"https://www.airwindows.com/precious\""}, "ar.buttercomp~": {"tags": ["compressor"], "digest": "softest, smoothest compressor", "url": "\"https://www.airwindows.com/buttercomp/\""}, "ar.floor~": {"tags": ["bass"], "digest": "add a fake bottom octave", "url": "\"https://www.airwindows.com/floor\""}, "ar.loud~": {"tags": ["distortion", "dynamics"], "digest": "distortion and demolition of air molecules, modeled", "url": "\"https://www.airwindows.com/loud\""}, "ar.purestdrive~": {"tags": ["saturation", "drive"], "digest": "the magic saturation effect of subtlety and French House tone", "url": "\"https://www.airwindows.com/purestdrive\""}, "ar.highpass~": {"tags": [], "digest": "a time warp, for retro midrangey sounds", "url": null}, "ar.density~": {"tags": ["saturation"], "digest": "a Swiss Army Knife of saturation/antisaturation", "url": "\"https://www.airwindows.com/density\""}, "ar.coils~": {"tags": ["distortion"], "digest": "models the types of distortion you'll find in transformers", "url": "\"https://www.airwindows.com/coils\""}, "ar.stereofx~": {"tags": [], "digest": "aggressive stereo widener", "url": "\"https://www.airwindows.com/stereofx\""}, "ar.surge~": {"tags": ["compressor"], "digest": "a compressor for accentuating beats and pulses", "url": "\"https://www.airwindows.com/surge\""}, "ar.galactic~": {"tags": ["reverb"], "digest": "super-reverb designed specially for pads and space ambient", "url": "\"https://www.airwindows.com/galactic\""}, "ar.wider~": {"tags": ["stereo"], "digest": "stereo space shaping", "url": "\"https://www.airwindows.com/wider\""}, "ar.avermatrix~": {"tags": ["filter", "EQ"], "digest": "turns averaging into a full-featured EQ", "url": "\"https://www.airwindows.com/avermatrix/\""}}