{"filter": ["ar.aquickvoiceclip~", "ar.ironoxideclassic2~", "ar.ultrasonic~", "ar.biquad~", "ar.acceleration2~", "ar.average~", "ar.aura~", "ar.lowpass2~", "ar.lowpass~", "ar.baxandall~", "ar.capacitor~", "ar.highpass2~", "ar.crunchygroovewear~", "ar.phasenudge~", "ar.gatelope~", "ar.isolator~", "ar.acceleration~", "ar.capacitor2~", "ar.infrasonic~", "ar.holt~", "ar.reseq~", "ar.pafnuty~", "ar.avermatrix~"], "utility": ["ar.aquickvoiceclip~", "ar.deess~", "ar.adclip7~", "ar.remap~", "ar.righteous4~", "ar.bitshiftgain~", "ar.debess~", "ar.beam~"], "clipper": ["ar.crystal~", "ar.adclip7~", "ar.facet~", "ar.podcast~", "ar.compresaturator~", "ar.onecornerclip~", "ar.cliponly~", "ar.slew3~", "ar.slew~"], "delay": ["ar.tapedelay~", "ar.purestecho~", "ar.adt~", "ar.starchild~"], "tape": ["ar.tapedelay~", "ar.tapefat~", "ar.ironoxideclassic2~", "ar.ironoxide5~", "ar.tape~", "ar.fromtape~", "ar.chromeoxide~", "ar.totape6~", "ar.drumslam~", "ar.tapedither~", "ar.tapedust~"], "analog": ["ar.interstage~", "ar.powersag2~", "ar.desk4~", "ar.fromtape~", "ar.singleendedtriode~", "ar.transdesk~", "ar.derez~", "ar.distortion~", "ar.capacitor2~", "ar.slew3~", "ar.blockparty~", "ar.desk~"], "gate": ["ar.dehiss~", "ar.digitalblack~", "ar.gatelope~", "ar.softgate~"], "deess": ["ar.deess~", "ar.slew2~", "ar.debess~"], "lofi": ["ar.groovewear~", "ar.bitglitter~", "ar.tovinyl4~", "ar.ironoxide5~", "ar.chromeoxide~", "ar.bite~", "ar.dustbunny~", "ar.deckwrecka~"], "bass": ["ar.dubcenter~", "ar.bassamp~", "ar.basskit~", "ar.darknoise~", "ar.bassdrive~", "ar.fathomfive~", "ar.dubsub~", "ar.floor~"], "dynamics": ["ar.mojo~", "ar.remap~", "ar.loud~"], "character": ["ar.neverland~", "ar.voiceofthestarship~", "ar.elation~", "ar.desk4~", "ar.calibre~", "ar.surgetide~", "ar.luxor~", "ar.apicolypse~", "ar.tubedesk~", "ar.singleendedtriode~", "ar.rawtimbers~", "ar.slew~", "ar.precious~"], "saturation": ["ar.bassamp~", "ar.basskit~", "ar.tremolo~", "ar.compresaturator~", "ar.bassdrive~", "ar.apicolypse~", "ar.adt~", "ar.chromeoxide~", "ar.coils2~", "ar.density2~", "ar.deckwrecka~", "ar.blockparty~", "ar.hardvacuum~", "ar.purestdrive~", "ar.density~"], "destruction": ["ar.bitglitter~", "ar.crunchygroovewear~", "ar.bite~"], "vinyl": ["ar.tovinyl4~"], "stereo": ["ar.srsly2~", "ar.autopan~", "ar.wider~"], "EQ": ["ar.xhighpass~", "ar.aura~", "ar.xbandpass~", "ar.baxandall~", "ar.air~", "ar.xlowpass~", "ar.toneslant~", "ar.xnotch~", "ar.reseq~", "ar.mackeq~", "ar.avermatrix~"], "compressor": ["ar.recurve~", "ar.podcast~", "ar.pyewacket~", "ar.compresaturator~", "ar.podcastdeluxe~", "ar.thunder~", "ar.varimu~", "ar.curve~", "ar.pop~", "ar.logical4~", "ar.buttercomp2~", "ar.pressure4~", "ar.buttercomp~", "ar.surge~"], "tremolo": ["ar.tremolo~", "ar.tremosquare~"], "dither": ["ar.naturalizedither~", "ar.buildatpdf~", "ar.vinyldither~"], "drive": ["ar.bassdrive~", "ar.chromeoxide~", "ar.coils2~", "ar.purestdrive~"], "waveshaper": ["ar.fracture~"], "chorus": ["ar.chorus~", "ar.chorusensemble~", "ar.ensemble~", "ar.melt~", "ar.vibrato~"], "vibrato": ["ar.chorus~", "ar.vibrato~"], "distortion": ["ar.cojones~", "ar.crunchygroovewear~", "ar.derez~", "ar.derez2~", "ar.distortion~", "ar.spiral2~", "ar.unbox~", "ar.drive~", "ar.spiral~", "ar.loud~", "ar.coils~"], "reverb": ["ar.reverb~", "ar.matrixverb~", "ar.distance2~", "ar.brightambience2~", "ar.starchild~", "ar.mv~", "ar.verbity~", "ar.distance~", "ar.brightambience~", "ar.pocketverbs~", "ar.galactic~"], "bitcrusher": ["ar.derez~", "ar.derez2~"], "allpass": ["ar.phasenudge~"], "nonlinear": ["ar.capacitor2~"], "limiter": ["ar.blockparty~"]}