<?xml version='1.0' encoding='utf-8' standalone='yes'?>


<!-- DO NOT EDIT THIS FILE ... YOU WILL LOSE YOUR WORK -->


<c74object name='ar.capacitor2~' category='filter,  nonlinear,  analog'>

	<digest>Capacitor with extra analog modeling and mojo </digest>
	<description>Capacitor with extra analog modeling and mojo </description>


	<!--METADATA-->

	<metadatalist>
		<metadata name='author'>Isabel Kaspriskie </metadata>
		<metadata name='tag'>filter</metadata>
		<metadata name='tag'>nonlinear</metadata>
		<metadata name='tag'>analog</metadata>
	</metadatalist>


	<!--ARGUMENTS-->

	<objarglist>

	</objarglist>


	<!--MESSAGES-->

	<methodlist>

	</methodlist>


	<!--ATTRIBUTES-->

	<attributelist>

		<attribute name='mix' get='1' set='1' type='float64' size='1' >
			<digest></digest>
			<description></description>
		</attribute>

		<attribute name='nonlin' get='1' set='1' type='float64' size='1' >
			<digest></digest>
			<description></description>
		</attribute>

		<attribute name='highpass' get='1' set='1' type='float64' size='1' >
			<digest></digest>
			<description></description>
		</attribute>

		<attribute name='lowpass' get='1' set='1' type='float64' size='1' >
			<digest></digest>
			<description></description>
		</attribute>

	</attributelist>


	<!--RELATED-->

	<seealsolist>
	</seealsolist>


</c74object>
