<?xml version='1.0' encoding='utf-8' standalone='yes'?>


<!-- DO NOT EDIT THIS FILE ... YOU WILL LOSE YOUR WORK -->


<c74object name='ar.desk4~' category='analog,  character'>

	<digest>distinctive analog coloration </digest>
	<description>distinctive analog coloration </description>


	<!--METADATA-->

	<metadatalist>
		<metadata name='author'>Isabel Kaspriskie </metadata>
		<metadata name='tag'>analog</metadata>
		<metadata name='tag'>character</metadata>
	</metadatalist>


	<!--ARGUMENTS-->

	<objarglist>

	</objarglist>


	<!--MESSAGES-->

	<methodlist>

	</methodlist>


	<!--ATTRIBUTES-->

	<attributelist>

		<attribute name='mix' get='1' set='1' type='float64' size='1' >
			<digest></digest>
			<description></description>
		</attribute>

		<attribute name='outputtrim' get='1' set='1' type='float64' size='1' >
			<digest></digest>
			<description></description>
		</attribute>

		<attribute name='frequency' get='1' set='1' type='float64' size='1' >
			<digest></digest>
			<description></description>
		</attribute>

		<attribute name='powersag' get='1' set='1' type='float64' size='1' >
			<digest></digest>
			<description></description>
		</attribute>

		<attribute name='hichoke' get='1' set='1' type='float64' size='1' >
			<digest></digest>
			<description></description>
		</attribute>

		<attribute name='overdrive' get='1' set='1' type='float64' size='1' >
			<digest></digest>
			<description></description>
		</attribute>

	</attributelist>


	<!--RELATED-->

	<seealsolist>
	</seealsolist>


</c74object>
