<?xml version='1.0' encoding='utf-8' standalone='yes'?>


<!-- DO NOT EDIT THIS FILE ... YOU WILL LOSE YOUR WORK -->


<c74object name='ar.ironoxide5~' category='tape,  lofi'>

	<digest>old school, heavily colored Airwindows tape emulation </digest>
	<description>old school, heavily colored Airwindows tape emulation </description>


	<!--METADATA-->

	<metadatalist>
		<metadata name='author'>Isabel Kaspriskie </metadata>
		<metadata name='tag'>tape</metadata>
		<metadata name='tag'>lofi</metadata>
	</metadatalist>


	<!--ARGUMENTS-->

	<objarglist>

	</objarglist>


	<!--MESSAGES-->

	<methodlist>

	</methodlist>


	<!--ATTRIBUTES-->

	<attributelist>

		<attribute name='mix' get='1' set='1' type='float64' size='1' >
			<digest></digest>
			<description></description>
		</attribute>

		<attribute name='outputtrim' get='1' set='1' type='float64' size='1' >
			<digest></digest>
			<description></description>
		</attribute>

		<attribute name='flutter' get='1' set='1' type='float64' size='1' >
			<digest></digest>
			<description></description>
		</attribute>

		<attribute name='tapelow' get='1' set='1' type='float64' size='1' >
			<digest></digest>
			<description></description>
		</attribute>

		<attribute name='tapehigh' get='1' set='1' type='float64' size='1' >
			<digest></digest>
			<description></description>
		</attribute>

		<attribute name='noise' get='1' set='1' type='float64' size='1' >
			<digest></digest>
			<description></description>
		</attribute>

		<attribute name='inputtrim' get='1' set='1' type='float64' size='1' >
			<digest></digest>
			<description></description>
		</attribute>

	</attributelist>


	<!--RELATED-->

	<seealsolist>
	</seealsolist>


</c74object>
