<?xml version='1.0' encoding='utf-8' standalone='yes'?>


<!-- DO NOT EDIT THIS FILE ... YOU WILL LOSE YOUR WORK -->


<c74object name='ar.noise~' category=''>

	<digest>the Airwindows deep noise oscillator as a sound reinforcer </digest>
	<description>the Airwindows deep noise oscillator as a sound reinforcer </description>


	<!--METADATA-->

	<metadatalist>
		<metadata name='author'>Isabel Kaspriskie </metadata>
	</metadatalist>


	<!--ARGUMENTS-->

	<objarglist>

	</objarglist>


	<!--MESSAGES-->

	<methodlist>

	</methodlist>


	<!--ATTRIBUTES-->

	<attributelist>

		<attribute name='decay' get='1' set='1' type='float64' size='1' >
			<digest></digest>
			<description></description>
		</attribute>

		<attribute name='lowcut' get='1' set='1' type='float64' size='1' >
			<digest></digest>
			<description></description>
		</attribute>

		<attribute name='distinctness' get='1' set='1' type='float64' size='1' >
			<digest></digest>
			<description></description>
		</attribute>

		<attribute name='shape' get='1' set='1' type='float64' size='1' >
			<digest></digest>
			<description></description>
		</attribute>

		<attribute name='mix' get='1' set='1' type='float64' size='1' >
			<digest></digest>
			<description></description>
		</attribute>

		<attribute name='highcut' get='1' set='1' type='float64' size='1' >
			<digest></digest>
			<description></description>
		</attribute>

	</attributelist>


	<!--RELATED-->

	<seealsolist>
	</seealsolist>


</c74object>
