<?xml version='1.0' encoding='utf-8' standalone='yes'?>


<!-- DO NOT EDIT THIS FILE ... YOU WILL LOSE YOUR WORK -->


<c74object name='ar.totape6~' category='tape'>

	<digest>tape emulation </digest>
	<description>tape emulation </description>


	<!--METADATA-->

	<metadatalist>
		<metadata name='author'>Isabel Kaspriskie </metadata>
		<metadata name='tag'>tape</metadata>
	</metadatalist>


	<!--ARGUMENTS-->

	<objarglist>

	</objarglist>


	<!--MESSAGES-->

	<methodlist>

	</methodlist>


	<!--ATTRIBUTES-->

	<attributelist>

		<attribute name='headb' get='1' set='1' type='float64' size='1' >
			<digest></digest>
			<description></description>
		</attribute>

		<attribute name='input' get='1' set='1' type='float64' size='1' >
			<digest></digest>
			<description></description>
		</attribute>

		<attribute name='softness' get='1' set='1' type='float64' size='1' >
			<digest></digest>
			<description></description>
		</attribute>

		<attribute name='mix' get='1' set='1' type='float64' size='1' >
			<digest></digest>
			<description></description>
		</attribute>

		<attribute name='flutter' get='1' set='1' type='float64' size='1' >
			<digest></digest>
			<description></description>
		</attribute>

		<attribute name='output' get='1' set='1' type='float64' size='1' >
			<digest></digest>
			<description></description>
		</attribute>

	</attributelist>


	<!--RELATED-->

	<seealsolist>
	</seealsolist>


</c74object>
